Rating,CocoaPercentage,Company,Origine spécifique du harirot
3.75,63%,A. Morin,Agua Grande
2.75,70%,A. Morin,Kpime
3,70%,A. Morin,Atsane
3.5,70%,A. Morin,Akata
3.5,70%,A. Morin,Quilla
2.75,70%,A. Morin,Carenero
3.5,70%,A. Morin,Cuba
3.5,70%,A. Morin,Sur del Lago
3.75,70%,A. Morin,Puerto Cabello
4,70%,A. Morin,Pablino
2.75,70%,A. Morin,Panama
3,70%,A. Morin,Madagascar
3.25,70%,A. Morin,Brazil
3.75,70%,A. Morin,Equateur
2.75,70%,A. Morin,Colombie
3,70%,A. Morin,Birmanie
3.25,70%,A. Morin,Papua New Guinea
4,70%,A. Morin,Chuao
3.25,70%,A. Morin,Piura
3.5,70%,A. Morin,Chanchamayo Province
4,63%,A. Morin,Chanchamayo Province
3.5,70%,A. Morin,Bolivia
3.75,63%,A. Morin,Peru
3.75,70%,Acalli,"Chulucanas, El Platanal"
3.75,70%,Acalli,"Tumbes, Norandino"
2.75,60%,Adi,Vanua Levu
3.25,80%,Adi,"Vanua Levu, Toto-A"
3.5,88%,Adi,Vanua Levu
3.5,72%,Adi,"Vanua Levu, Ami-Ami-CA"
2.75,55%,Aequare (Gianduja),"Los Rios, Quevedo, Arriba"
3,70%,Aequare (Gianduja),"Los Rios, Quevedo, Arriba"
3,70%,Ah Cacao,Tabasco
3.75,75%,Akesson's (Pralus),"Bali (west), Sukrama Family, Melaya area"
2.75,75%,Akesson's (Pralus),"Madagascar, Ambolikapiky P."
2.75,75%,Akesson's (Pralus),"Monte Alegre, D. Badero"
2.75,65%,Alain Ducasse,Trinite
2.75,75%,Alain Ducasse,Vietnam
3,75%,Alain Ducasse,Madagascar
2.5,75%,Alain Ducasse,Chuao
2.5,75%,Alain Ducasse,"Piura, Perou"
3.5,70%,Alexandre,"Winak Coop, Napo"
3.5,70%,Alexandre,"La Dalia, Matagalpa"
3.5,70%,Alexandre,Tien Giang
3.5,70%,Alexandre,"Makwale Village, Kyela"
2.75,60%,Altus aka Cao Artisan,Momotombo
3,60%,Altus aka Cao Artisan,Acopagro
2.5,60%,Altus aka Cao Artisan,CIAAB Coop
2.5,60%,Altus aka Cao Artisan,Villa Andina
2.75,60%,Altus aka Cao Artisan,Gruppo Salinas
2.5,60%,Altus aka Cao Artisan,Sur del Lago
3,60%,Altus aka Cao Artisan,Conacado
3.25,80%,Altus aka Cao Artisan,Bolivia
3,60%,Altus aka Cao Artisan,Bolivia
3.25,60%,Altus aka Cao Artisan,Peru
4,70%,Amano,Morobe
3.75,70%,Amano,Dos Rios
4,70%,Amano,Guayas
3,70%,Amano,Chuao
3,70%,Amano,Montanya
2.75,70%,Amano,"Bali, Jembrana"
3.5,70%,Amano,Madagascar
3,70%,Amano,Cuyagua
3.75,70%,Amano,Ocumare
3,70%,Amatller (Simon Coll),Ghana
2.75,70%,Amatller (Simon Coll),Ecuador
2.75,85%,Amatller (Simon Coll),Ecuador
3,85%,Amatller (Simon Coll),Ghana
3.25,72%,Amazona,"LamasdelChanka, San Martin, Oro Verde coop"
3.5,73%,Amazona,"Bellavista Gran Pajeten, San Martin"
3,64%,Ambrosia,Belize
3.25,66%,Ambrosia,Madagascar
3.25,75%,Ambrosia,Dominican Republic
3.25,63%,Ambrosia,Papua New Guinea
3.25,70%,Ambrosia,Venezuela
3.5,68%,Ambrosia,Peru
3.75,70%,Amedei,"Piura, Blanco de Criollo"
4,70%,Amedei,Porcelana
4,75%,Amedei,Nine
5,70%,Amedei,Chuao
3,70%,Amedei,Ecuador
3,70%,Amedei,Jamaica
3.5,70%,Amedei,Grenada
3.75,70%,Amedei,Venezuela
4,70%,Amedei,Madagascar
3.5,70%,Amedei,Trinidad
3.5,63%,Amedei,Toscano Black
5,70%,Amedei,Toscano Black
4,66%,Amedei,Toscano Black
3.25,75%,AMMA,Catongo
2.75,85%,AMMA,"Monte Alegre, 3 diff. plantations"
3.75,50%,AMMA,"Monte Alegre, 3 diff. plantations"
3.75,75%,AMMA,"Monte Alegre, 3 diff. plantations"
4,60%,AMMA,"Monte Alegre, 3 diff. plantations"
3,75%,Anahata,Elvesia
3.5,75%,Animas,Alto Beni
3,75%,Ara,Madagascar
2.5,72%,Ara,Chiapas
2.75,75%,Ara,Equateur
3,75%,Ara,Trincheras
3.5,70%,Arete,San Juan
3.75,70%,Arete,Kokoa Kamili
3.5,73%,Arete,Tien Giang
3.25,70%,Arete,Hacienda Victoria
3.25,70%,Arete,Costa Esmeraldas
3.5,70%,Arete,Lachua
3.75,70%,Arete,Rugoso
3.5,70%,Arete,"La Masica, FHIA"
4,70%,Arete,"Coto Brus, Terciopelo"
4,70%,Arete,Phantom
3.75,70%,Arete,Elvesia
3.25,70%,Arete,Matasawalevu
3.25,73%,Arete,Lam Dong
3.5,70%,Arete,Fazenda Camboa
3.5,68%,Arete,Nacional
3.75,70%,Arete,"Puerto Quito, heirloom"
3.5,70%,Arete,Oko Caribe
3.75,70%,Arete,Maya Mountain
4,70%,Arete,Chuno
2.75,75%,Arete,Fazenda Camboa
3.25,70%,Arete,Guatemala
3.5,75%,Arete,Camino Verde
3.25,72%,Artisan du Chocolat,"Trinidad, Heritage, Limited ed."
3.75,72%,Artisan du Chocolat,"Colombia, Casa Luker"
4,72%,Artisan du Chocolat,Haiti
2.75,72%,Artisan du Chocolat,Panama
1.75,100%,Artisan du Chocolat,Venezuela
3.75,72%,Artisan du Chocolat,Jamaica
3.25,72%,Artisan du Chocolat,Costa Rica
3.25,72%,Artisan du Chocolat,Ba Ria Vung Tau Province
3.5,72%,Artisan du Chocolat,Bali
2.5,75%,Artisan du Chocolat,"Ocumare, Venezuela"
2.75,72%,Artisan du Chocolat,Java
1.75,72%,Artisan du Chocolat,Brazil Rio Doce
3,80%,Artisan du Chocolat,Madagascar
3,75%,Artisan du Chocolat,Peru
3.25,72%,Artisan du Chocolat,Dominican Republic
3.75,72%,Artisan du Chocolat,Congo
2.75,72%,Artisan du Chocolat (Casa Luker),"Orinoqua Region, Arauca"
3.75,68%,Askinosie,Mababa
3.75,72%,Askinosie,"Tenende, Uwate"
3.75,70%,Askinosie,Cortes
3.75,77%,Askinosie,Davao
2.5,75%,Askinosie,Xoconusco
3,70%,Askinosie,San Jose del Tambo
3.25,80%,Bahen & Co.,Houseblend
3.5,70%,Bahen & Co.,Papua New Guinea
3,70%,Bahen & Co.,Sambirano
2.5,70%,Bahen & Co.,Bahia
2.5,70%,Bahen & Co.,Houseblend
2.75,70%,Bakau,"Bambamarca, 2015"
3.5,70%,Bakau,"Huallabamba, 2015"
3.5,70%,Bar Au Chocolat,Bahia
4,70%,Bar Au Chocolat,Maranon Canyon
3.25,70%,Bar Au Chocolat,Duarte Province
3.5,70%,Bar Au Chocolat,Chiapas
3.75,70%,Bar Au Chocolat,Sambirano
2.75,80%,Baravelli's,single estate
3.5,65%,Batch,"Dominican Republic, Batch 3"
3.75,70%,Batch,Brazil
3.25,65%,Batch,Ecuador
3,73%,Beau Cacao,"Asajaya E, NW Borneo, b. #132/4500"
3.25,72%,Beau Cacao,"Serian E., NW Borneo, b. #134/3800"
2.75,80%,Beehive,"Brazil, Batch 20316"
2.75,70%,Beehive,"Dominican Republic, Batch 31616"
2.75,70%,Beehive,"Ecuador, Batch 31516"
2.75,90%,Beehive,Ecuador
2.75,64%,Belcolade,Costa Rica
2.75,64%,Belcolade,Papua New Guinea
2.75,64%,Belcolade,Peru
3.5,71%,Belcolade,Ecuador
3.5,70%,Bellflower,"Kakao Kamili, Kilombero Valley"
3.25,70%,Bellflower,"Alto Beni, Palos Blanco"
3.5,70%,Bellflower,"Oko Caribe, Duarte P."
2.75,83%,Belyzium,"Belize south, low fermentation"
3,78%,Belyzium,Belize south
3.5,83%,Belyzium,Belize south
3.5,74%,Benoit Nihant,Baracoa
3.5,74%,Benoit Nihant,Chuao
3.5,74%,Benoit Nihant,Cuyagua Village
4,73%,Benoit Nihant,Rio Peripa H.
4,72%,Benoit Nihant,"Bali, Sukrama Bros. Farm, Melaya, 62hr C"
3.75,72%,Benoit Nihant,"Somia Plantation, Sambirano, 70hr C"
2.75,55%,Bernachon,Nature
3,64%,Beschle (Felchlin),Madagascar
3,88%,Beschle (Felchlin),Maracaibo
3.5,72%,Beschle (Felchlin),"Indigena Amazonia, Grand Cru, Quizas"
4,72%,Beschle (Felchlin),Ecuador
3.25,70%,Beschle (Felchlin),"Carenero S., Barlovento, Grand Cru"
3.25,74%,Beschle (Felchlin),"Porcelana, Premier Cru, Quizas No. 1"
3.5,64%,Beschle (Felchlin),"Java, Grand Cru"
3.5,72%,Beschle (Felchlin),"Ocumare, Premier Cru, Quizas No. 2"
2.5,76%,Bisou,"Nicaragua, American style"
2.5,76%,Bisou,"San Andres, American style"
2.5,78%,Bisou,"San Andres, silk"
3.25,86%,Bisou,Belize
3.5,72%,Bittersweet Origins,Ghana
3.25,75%,Bittersweet Origins,"Bali, Singaraja"
3.75,70%,Bittersweet Origins,2009 Hapa Nibby
2.75,65%,Bittersweet Origins,"Bali, Singaraja"
3,70%,Bittersweet Origins,"Sambirano, 2009"
3,78%,Bittersweet Origins,"Ocumare, prototype"
3,75%,Bittersweet Origins,Puerto Plata
3.5,65%,Bittersweet Origins,Puerto Plata
3.25,75%,Bittersweet Origins,Sambirano
3.5,65%,Bittersweet Origins,Sambirano
3,71%,Bittersweet Origins,Sambirano
3.5,75%,Bittersweet Origins,Bocas del Toro
3.75,68%,Bittersweet Origins,Puerto Plata
3,70%,Bittersweet Origins,Ankasa
2.75,70%,Black Mountain,La Red
2.75,70%,Black Mountain,Carenero Superior
3,70%,Black Mountain,Matiguas
2.75,70%,Black River (A. Morin),Blue Mountain Region
3.5,82%,Blanxart,"Congo, Grand Cru"
2.75,72%,Blanxart,Organic Dark
3.5,82%,Blue Bandana,"Akesson's E., Sambirano V."
2.75,75%,Blue Bandana,Lachua
3.5,75%,Blue Bandana,Kokoa Kamili
3,75%,Blue Bandana,Zorzal Reserva
3.5,70%,Blue Bandana,Guatemala
3.75,70%,Blue Bandana,Madagascar
3.5,75%,Bonnat,Selva Maya
4,75%,Bonnat,Kaori
3.25,75%,Bonnat,"Los Colorados, Santo Domingo, Equateur"
3.75,65%,Bonnat,Surfin
3.5,75%,Bonnat,Maragnam
3.25,75%,Bonnat,Gabon
3.5,75%,Bonnat,Cuba
3.5,75%,Bonnat,"Cusco, Cacao Cusco"
3.5,75%,Bonnat,Piura Blanco
3.75,75%,Bonnat,Libanio
4,75%,Bonnat,Haiti
4,75%,Bonnat,"Madagascar, 100% criollo"
3.5,75%,Bonnat,Juliana
3.25,75%,Bonnat,Jamaique
3,75%,Bonnat,Ivory Coast
2.75,75%,Bonnat,"Porcelana, Apotequil"
3,75%,Bonnat,"Porcelana, Tabasco, Marfil de Blanco"
3,75%,Bonnat,"Xoconusco, cacao Real"
4,75%,Bonnat,"Porcelana, Venezuela"
2.5,75%,Bonnat,Equateur
3.75,75%,Bonnat,Trinite
4,75%,Bonnat,"Ocumare, Puerto Cabello"
4,75%,Bonnat,"Maracaibo, El Rosario"
4,75%,Bonnat,Madagascar
1.5,100%,Bonnat,One Hundred
3,75%,Bonnat,Ceylan
4,75%,Bonnat,Chuao
3.25,77%,Bouga Cacao (Tulicorp),"El Oro, Hacienda de Oro"
1.5,100%,Bouga Cacao (Tulicorp),"El Oro, Hacienda de Oro"
2.75,70%,Bowler Man,Maya Mountain
2.75,70%,Bowler Man,Conacado
3.5,70%,Brasstown aka It's Chocolate,"Guasare, Zulia Prov."
3.75,70%,Brasstown aka It's Chocolate,"O'payo, Waslala"
3.75,68%,Brasstown aka It's Chocolate,Conacado
3.75,70%,Brasstown aka It's Chocolate,Maya Mountain
4,70%,Brasstown aka It's Chocolate,Chuao
3,72%,Brasstown aka It's Chocolate,Cooproagro
3.25,70%,Brasstown aka It's Chocolate,"Camino Verde, Guayas"
3.5,75%,Brasstown aka It's Chocolate,Ghana
3.5,85%,Brasstown aka It's Chocolate,"Chuao, Mantuano blend"
3,60%,Brazen,Elvesia P.
3.25,80%,Brazen,Elvesia P.
3.5,70%,Brazen,"Alta Verapaz, 2014"
2.75,80%,Brazen,Ambolikapiky P.
3.25,80%,Brazen,Maya Mountain
3.25,60%,Brazen,Ambolikapkly P.
3,70%,Breeze Mill,Jamaica
3,72%,Bright,Somia Plantation
3.5,70%,Bright,Marabel Farms
3.5,72%,Bright,"Camino Verde, Balao, Guayas"
2.75,68%,Bright,Gran Couva
3.25,70%,Britarev,Ecuador
2.75,68%,Bronx Grrl Chocolate,Dominican Republic
3.25,72%,Burnt Fork Bend,Trinidad
3.5,72%,Burnt Fork Bend,Mindo
3.25,72%,Burnt Fork Bend,Belize
3.25,72%,Burnt Fork Bend,Blend
2.5,60%,Burnt Fork Bend,"Ecuador, Bob Bar"
2.5,70%,Cacao Arabuco,Puerto Rico
2.5,75%,Cacao Atlanta,Tumbes
2.5,75%,Cacao Atlanta,"Dominican Republic, ""Love Bar"""
2.75,75%,Cacao Atlanta,Dominican Republic w/ nibs
2.25,75%,Cacao Atlanta,Patanemo
3.5,65%,Cacao Barry,Grand 'Anse
3,70%,Cacao Barry,Santo Domingo
2,75%,Cacao Barry,Tanzania
2,72%,Cacao Barry,Venezuela
3,66%,Cacao Barry,Mexico
3.5,77%,Cacao de Origen,Chuao
3.25,75%,Cacao de Origen,Rio Caribe
2.5,75%,Cacao de Origen,Agua Fria; Sucre region
3.25,74%,Cacao de Origen,Macuare; Miranda; Chloe formula
3.5,75%,Cacao de Origen,"Chuao, Aragua region"
3.75,70%,Cacao de Origen,"Chuao, Aragua region"
3.25,74%,Cacao de Origin,Hacienda la Trinidad
3.75,71%,Cacao Hunters,Macondo
3.75,74%,Cacao Hunters,Perla Negra
3.75,72%,Cacao Hunters,Arhuacos
3.5,64%,Cacao Hunters,Sierra Nevada
3.5,70%,Cacao Hunters,Tumaco
2.75,69%,Cacao Hunters,"Boyaca, Aprocampa Coop, Pauna"
3.25,70%,Cacao Hunters,Arauca
3.5,70%,Cacao Market,"Jutiapa, lot 050916D"
3.75,72%,Cacao Prieto,"Criollo, Dominican Republic"
3,72%,Cacao Prieto,"Dominican Republicm, rustic"
3.75,66%,Cacao Prieto,Dominican Republic
3.25,65%,Cacao Prieto,"Dominican Republic, rustic"
3.5,70%,Cacao Sampaka,"Mahali, Kasai"
3.5,71%,Cacao Sampaka,Madagascar
3.75,71%,Cacao Sampaka,Ecuador
4,71%,Cacao Sampaka,Papua
3.25,71%,Cacao Sampaka,Grenada
3.5,71%,Cacao Sampaka,Venezuela
3.5,77%,Cacao Sampaka,Venezuela
4,70%,Cacao Sampaka,"Porcelana, Tabasco, La Joya"
4,70%,Cacao Sampaka,"Xoconusco, Chiapas"
3,70%,Cacao Store,Madagascar
3.25,70%,Cacao Store,Peru
3.5,70%,Cacao Store,Vietnam
3.25,70%,Cacaosuyo (Theobroma Inversiones),Piura
3.5,63%,Cacaoyere (Ecuatoriana),Amazonia
3.5,71%,Cacaoyere (Ecuatoriana),Esmeraldas
2.5,82%,Cacaoyere (Ecuatoriana),Bolivar
1.5,91%,Cacaoyere (Ecuatoriana),Pichincha
2.75,60%,Callebaut,Grenade
1,70%,Callebaut,Baking
2.5,75%,C-Amaro,Cuba
3,72%,C-Amaro,Dominican Republic
3.5,70%,C-Amaro,"Lago di Como, Blu"
3.5,100%,C-Amaro,Ecuador
3,80%,C-Amaro,Venezuela
2.25,78%,C-Amaro,Sao Tome
2.5,70%,C-Amaro,Trinidad
2.5,75%,Cao,Porcelana
2.75,73%,Cao,Tanzania
3,70%,Cao,"Porcelana, Batch 5163"
3,75%,Cao,Bolivia
3.25,70%,Cao,Brazil
2,77%,Caoni (Tulicorp),Esmeraldas
2.5,77%,Caoni (Tulicorp),Manabi
2.75,77%,Caoni (Tulicorp),Los Rios
3,55%,Caoni (Tulicorp),Manabi
3.25,55%,Caoni (Tulicorp),Los Rios
3.5,55%,Caoni (Tulicorp),Esmeraldas
3.5,70%,Captain Pembleton,"Saidor Estate, Madang P."
3.75,70%,Captain Pembleton,Kulili Estate
3.5,72%,Caribeans,"Antigua, Special Reserve"
3.25,72%,Caribeans,"Talamanca, Raul-Kekoldo community"
3.5,72%,Caribeans,Anselmo Paraiso Estate
3,72%,Caribeans,Costa Rica
2.75,80%,Caribeans,Costa Rica
3,65%,Carlotta Chocolat,Arauca
3.25,65%,Carlotta Chocolat,Tumaco
3.25,65%,Carlotta Chocolat,Cordoba
3.5,65%,Carlotta Chocolat,Huila
3.5,65%,Carlotta Chocolat,Cesar
4,72%,Castronovo,"Maya Mtn, Batch 454, Heirloom"
3.5,72%,Castronovo,"the lost city, gracias a dias, batch 362"
3.75,70%,Castronovo,"Duarte, Batch 360"
3.5,72%,Castronovo,"Piaroa, Amazonas, Batch 350"
3.5,72%,Castronovo,Sierra Nevada
3.5,76%,Castronovo,Arauca
2.75,70%,Castronovo,Elvesia P.
3,70%,Castronovo,Bolivia
3.5,73%,Castronovo,Conacado
2.5,70%,Castronovo,San Martin
3.25,70%,Castronovo,"Guaniamo, Amazonas"
3.25,72%,Castronovo,Nicaragua
2.75,70%,Castronovo,Tumbes
3,72%,Castronovo,Guaniamo
2.5,70%,Cello,Ecuador
2.75,70%,Cello,Peru
2.75,70%,Cello,Venezuela
3,70%,Cello,Bolivia
2.75,72%,Cemoi,Equateur
2.75,70%,Chaleur B,Uganda
3.25,70%,Charm School,Maya Mtn
2.75,55%,Chchukululu (Tulicorp),Arriba
3,75%,Chchukululu (Tulicorp),Los Rios
3.5,70%,Chequessett,la Amistad
3.5,70%,Chloe Chocolat,Blend No. 1
3.25,70%,Chocablog,Ecuador
3,75%,Choco Del Sol,Maya Mountain w/ nibs
3.25,82%,Choco Del Sol,Maya Mountain
2.75,70%,Choco Dong,"Mekong Delta, early 2014 Harvest"
3.5,70%,Choco Dong,"Tawau, Oct. 2015 Harvest"
2.5,65%,Chocolarder,Peru
2.75,65%,Chocolarder,Peru + nibs
2.5,80%,Chocolarder,Dominican Republic
3.75,70%,Chocola'te,Madagascar
3.75,68%,Chocola'te,Venezuela
2.5,90%,Chocolate Alchemist-Philly,"Tumbes, ""Zarumilla"""
2.5,80%,Chocolate Alchemist-Philly,"Philly Blend, 5 plantations"
2.5,70%,Chocolate Con Amor,Wild Bolivian
2.75,70%,Chocolate Con Amor,Uganda
3,60%,Chocolate Con Amor,Dominican Republic
3,75%,Chocolate Con Amor,Dominican Republic
3,80%,Chocolate Con Amor,Ocumare
3.25,70%,Chocolate Con Amor,Ecuador
2.75,80%,Chocolate Con Amor,Nicaragua
2.75,74%,Chocolate Conspiracy,Peru
3.25,75%,Chocolate Makers,Tres Hombres
3.5,68%,Chocolate Makers,"Congo, Gorilla bar"
3.75,80%,Chocolate Makers,"Peru, Awagum bar"
3.75,69%,"Chocolate Tree, The",Maranon
3.75,80%,"Chocolate Tree, The",Carenero Superior
3.75,70%,"Chocolate Tree, The",Peru
2.5,82%,"Chocolate Tree, The",Ecuador
2.75,68%,"Chocolate Tree, The",Peru
3.25,72%,"Chocolate Tree, The",Madagascar
2.5,70%,Chocolats Privilege,Xoconusco
3,77%,ChocoReko,Patanemo
3.25,65%,Chocosol,"Chiapas, Lacandon Jungle, Oaxacom Mtn"
3.25,71%,Chocovic,Xoconusco
3.5,71%,Chocovic,Sambirano
3.25,60%,Chocovic,Kendari
3.25,75%,Chocovic,Tarakan
3.5,71%,Chocovic,Ocumare
2.5,71%,Chocovic,"Bolivar, Guaranda"
2.5,71%,Chocovic,Guyave
3,70%,Chocovic,Maragda
2.5,65%,Chocovivo,Tabasco
2.5,75%,Chocovivo,Tabasco
2.5,80%,Choklat,Ocumare
2.75,70%,Choklat,"Porcelana, Tabasco"
3,70%,Choklat,Brazilian
3,80%,Choklat,Brazilian
3,70%,Choklat,Ocumare
2.75,42%,Chokolat Elot (Girard),Guadeloupe
3.25,75%,Choocsol,"Chiapas, Lacandon Jungle, Oaxacom Mtn"
3.75,68%,Christopher Morel (Felchlin),"Maranon Canyon, Fortunato No. 4"
3,61%,Chuao Chocolatier,Choroni
2.75,77%,Chuao Chocolatier (Pralus),Chuao
3.75,73.5%,Claudio Corallo,Terreiro Velho P.
3,80%,Claudio Corallo,Terreiro Velho P. w/ sugar crystals
4,75%,Claudio Corallo,Terreiro Velho P.
1,100%,Claudio Corallo,Principe
3.5,73%,Cloudforest,"Camino Verde P., Balao, Guayas, 2014"
3,75%,Coleman & Davis,Sambirano
3.25,70%,Compania de Chocolate (Salgado),Sur del Lago
2.75,80%,Compania de Chocolate (Salgado),Carenero Superior
3.25,72%,Compania de Chocolate (Salgado),Moxos
3.75,70%,Compania de Chocolate (Salgado),Ocumare
2.75,88%,Compania de Chocolate (Salgado),Esmeraldas
3.5,76%,Condor,Camino Verde
2.75,78%,Confluence,"Tien Giang, 2015, batch 10-2-16"
3.25,65%,Coppeneur,"Ecuador, Puristique"
3.5,85%,Coppeneur,Ghana Puristique
1.5,100%,Coppeneur,Ecuador Puristique
3.75,72%,Coppeneur,Uba Budo
3.5,70%,Coppeneur,Madagascar
3.25,72%,Coppeneur,Grenada
3,70%,Coppeneur,Chuao
2.5,72%,Coppeneur,"Los Rios, H. Iara"
3,72%,Coppeneur,Trinidad
3.25,72%,Coppeneur,Jamaica
3.25,72%,Coppeneur,Ocumare 61
3,72%,Coppeneur,"Porcelana, Apotequil"
3.25,62%,Coppeneur,"Porcelana, Apotequil"
3.5,70%,Coppeneur,Chuao 100hr
3.75,70%,Coppeneur,Chuao 70hr
3,72%,Coppeneur,"Porcelana, Tabasco, Mexico"
3,72%,Coppeneur,"Porcelana, Venezuela"
3,72%,Coppeneur,"Sambirano, Menava P."
1,70%,Cote d' Or (Kraft),Sensations Intense
2.5,70%,Cravve,New Ireland
2.75,83%,Cravve,"Vanuatu, batch 2410"
3.25,75%,Cravve,"Tanzania, batch a1"
3.25,65%,Cravve,"Bahia, batch a1213"
3.25,67%,Cravve,"Namau Village, N. Taileva P., batch a2812"
3.25,64%,Cravve,Vanuatu
3.5,75%,Cravve,Djual Island
3.25,85%,Creo,"""heirloom"", Arriba Nacional"
3.75,73%,Creo,"""heirloom"", Arriba Nacional"
2.75,70%,Daintree,Goodman Estate
3.25,70%,Daintree,"Daintree Estates, N. Queensland"
2.75,72%,Dalloway,"Dominican Republic, batch 7"
3,70%,Damson,Robson Estate
3.5,70%,Damson,Los Rios
2.25,70%,Damson,Crayfish Bay aka Non Pariel Estate
2.75,70%,Damson,O'Payo
3.75,70%,Dandelion,"Zorzal Reserva, 2015 H., Kerchner"
3,70%,Dandelion,"Maya Mtn., Break Bar- Snark"
3.5,70%,Dandelion,Maya Mountain
3.5,70%,Dandelion,"Camino Verde P., Balao, Guayas, 2013"
2.75,70%,Dandelion,Buto
3.75,70%,Dandelion,"San Francisco de Macoris, Cibao region"
2.75,70%,Dandelion,"Cumboto, farmer Jose Lugo"
3.25,70%,Dandelion,Patanemo
3.5,70%,Dandelion,"Mantuano, 2012"
3.5,70%,Dandelion,Papua New Guinea
3,70%,Dandelion,Upala
3.25,70%,Dandelion,Colombian
3.75,70%,Dandelion,"Elvesia, 2011"
3.25,70%,Dandelion,Dominican Republic
3.25,70%,Dandelion,Madagascar
3.25,70%,Dandelion,Tanzania
3.25,82%,Danta,Los Ujuxtes
3,75%,Danta,Chuao
3.75,70%,Danta,Los Ujuxtes
3.75,70%,Danta,Sambirano
4,70%,Danta,Las Acacias E.
3.25,70%,Danta,"Oscuro, Finca Chimelb"
3.5,60%,Danta,Los Ujuxtes
3,75%,Danta,Las Acacias E.
3.25,60%,Danta,Las Acacias E.
2.75,72%,DAR,"Venezuela, batch 122"
3,72%,DAR,Vietnam
3.25,70%,DAR,"DUO, batch 002"
3.25,75%,Dark Forest,Bolivia
3,70%,Dark Forest,Madagascar
3.25,70%,Dark Forest,Ocumare
3,70%,Dark Forest,Tanzania
3.25,70%,Dark Forest,Ecuador
2.5,70%,Davis,Ghana
2.75,70%,Davis,Rainforest
2.75,70%,Davis,Venezuela
3.25,58%,Davis,West Africa
3.5,72%,De Mendes,"Nativo, Varzea"
3.5,65%,De Mendes,"Selvagem, Jari"
2.5,70%,De Villiers,Bundibugyo District
3,70%,De Villiers,"Sambirano Valley, batch 2477"
2.5,66%,Dean and Deluca (Belcolade),Madagascar
3,64%,Dean and Deluca (Belcolade),Costa Rica
3,71%,Dean and Deluca (Belcolade),Ecuador
3,60%,Dean and Deluca (Belcolade),Ghana
3,64%,Dean and Deluca (Belcolade),Papua New Guinea
3,64%,Dean and Deluca (Belcolade),Peru
3,64%,Debauve & Gallais (Michel Cluizel),Papua New Guinea
3.75,66%,Debauve & Gallais (Michel Cluizel),Venezuela
2.5,72%,Desbarres,"Kilombero, batch 41"
2.75,80%,DeVries,Bolivian
3.5,77%,DeVries,Costa Rica
3.5,77%,DeVries,Dominican Republic
3.75,70%,Dick Taylor,Lanquin Estate
3.5,78%,Dick Taylor,Tien Giang
3.75,70%,Dick Taylor,"Alto Beni, Wild Harvest, Limited Ed."
3.5,74%,Dick Taylor,Elvesia
3.25,70%,Dick Taylor,"Ecuador, Choc. Garage Exclusive"
3.5,76%,Dick Taylor,Camino Verde
2.75,75%,Dick Taylor,Bolivia
2.75,72%,Dick Taylor,Belize
2.75,80%,Dick Taylor,Sambirano
3,72%,Dick Taylor,Sambirano
2.75,75%,Dick Taylor,Mantuano
3,74%,Dick Taylor,La Red
3.25,70%,Dick Taylor,Ecuador
3,85%,Doble & Bignall,Puerto Cabello
3.25,72%,Doble & Bignall,"Panama, Raven"
3.25,72%,Doble & Bignall,"Puerto Cabello, Mantuano"
3.5,72%,Doble & Bignall,Johe
3.75,70%,Dole (Guittard),"O'ahu, N. Shore, Waialua Estate"
3,88%,Dolfin (Belcolade),Africa
1.5,70%,Dolfin (Belcolade),Noir
3.75,70%,Domori,Hacienda Victoria
3.75,70%,Domori,Ocumare 77
3,100%,Domori,"IL100, H. San Jose"
3.5,70%,Domori,Morogoro
3.75,70%,Domori,Guasare
3.5,70%,Domori,"Canoabo, Hacienda San Jose"
3,70%,Domori,"Chuao, Hacienda San Jose"
3,70%,Domori,"Carupano, H. San Jose"
3,70%,Domori,Teyuna
3.5,78%,Domori,Blend No. 1
3.75,70%,Domori,Ilblend
4,70%,Domori,Porcelana
3.25,75%,Domori,"Ocumare 61, Puertomar"
3.25,60%,Domori,Granella
3.5,70%,Domori,Madagascar
3.5,70%,Domori,Madagared
3.75,70%,Domori,"Java, Javablond"
4,70%,Domori,Ecuador
4,70%,Domori,"Ocumare 67, Puertofino"
3,70%,Domori,Sur del Lago Classificado
3.25,70%,Domori,Apurimac
3.5,70%,Domori,Carenero Superior
2.75,75%,Dormouse,Non Pariel Estate
2.5,70%,Dormouse,"Rio Caribe, Batch 7"
2.75,80%,Dormouse,"Colombia, Batch 9"
2.75,77%,Dormouse,"Madagascar, Batch 8"
4,70%,Duffy's,"Rio Dulce, Xoco"
3.5,70%,Duffy's,"Chuno, Xoco"
3.75,76%,Duffy's,"Rico Rugoso, Xoco"
3.75,72%,Duffy's,Ocumare
3.75,72%,Duffy's,"Indio Rojo, Xoco"
3.5,65%,Duffy's,Dominican Republic
3,72%,Duffy's,"Bocas del Toro, Tierra Oscura"
3.25,71%,Duffy's,"Nicaliso, Xoco"
3.5,71%,Duffy's,Ocumare
3.5,70%,Duffy's,Panama
3.75,72%,Duffy's,"Corazon del Ecuador, Calceta beans"
2.5,70%,Duffy's,Star of Ecuador
3.75,70%,Duffy's,Star of Peru
3.25,70%,Dulcinea,Dominican Republic
2.75,82%,Durand,Madagascar
3.5,70%,Durci,"Maranon, Joya Rara"
3.5,70%,Durci,"Rio Caribe, Tepui Treasure"
3.25,70%,Durci,Taino Secret
3.25,70%,Durci,"Carenero, Empyrean Sabor"
4,70%,Durci,Corona Arriba
3.25,70%,East Van Roasters,Peru
3.5,70%,East Van Roasters,Madagascar
3.75,70%,East Van Roasters,Dominican Republic
3.25,70%,Eau de Rose,Tumaco
3.25,70%,Eau de Rose,Arauca
2.75,72%,Eclat (Felchlin),"Maranon, Good & Evil, w/ nibs"
3,68%,Edelmond,Porcelana
3.75,75%,El Ceibo,"Alto Beni, Covendo Region"
2.75,71%,El Ceibo,Alto Beni
3.75,70%,El Rey,San Joaquin
2.75,60.5%,El Rey,"Rio Caribe, Cariaco"
3,70%,El Rey,"Rio Caribe, Macuro"
2.5,74%,El Rey,"Carenero Superior, Apamate"
2.5,58%,El Rey,"Carenero Superior, Bucare"
3,61%,El Rey,"Carenero Superior, Mijao"
2.75,70%,El Rey,"Carenero Superior, Gran Saman"
2.75,60%,Emerald Estate,Emerald Estate
3.25,70%,Emerald Estate,Emerald Estate
3,79%,Emily's,Patanemo
3.5,78%,Emily's,Peru
3.25,75%,ENNA,"Wampusirpi, batch 007"
3.25,80%,Enric Rovira (Claudio Corallo),Terreiro Velho P.
3.25,70%,Erithaj (A. Morin),Ben Tre
3,80%,Erithaj (A. Morin),Ham Luong
3.25,74%,Erithaj (A. Morin),Ba Lai
2.75,70%,Escazu,Rio Caribe
2,65%,Escazu,Guapiles
3.5,81%,Escazu,Carenero Superior
2.75,74%,Escazu,"Carenero, Guapiles, Ocumare blend"
3,72%,Escazu,Ocumare
2.5,55%,Ethel's Artisan (Mars),"Peru, Madagascar"
2.5,55%,Ethel's Artisan (Mars),Trinidad
2.5,70%,Ethel's Artisan (Mars),Porcelana
2.75,62%,Ethel's Artisan (Mars),Red Vanilla
2.5,62%,Ethel's Artisan (Mars),"Venezuela, Trinidad"
3,80%,Ethereal,Belize
3.5,80%,Ethereal,Ecuador
3.75,80%,Ethereal,Dominican Republic
2.75,75%,Fearless (AMMA),"Monte Alegre, D. Badaro, Raw, Organic"
3,76%,Feitoria Cacao,Blue Mountain
2.5,76%,Feitoria Cacao,Cuyagua
2.75,76%,Feitoria Cacao,Maya Mountain
3.5,58%,Felchlin,Grenada
2,62%,Felchlin,Supremo- SF
3,74%,Felchlin,Elvesia P.
3,64%,Felchlin,"Madagascar, Grand Cru"
3,65%,Felchlin,Maracaibo Clasificado
3.5,72%,Felchlin,Arriba
4,68%,Felchlin,"Alto Beni, Cru Savage"
2.25,65%,Finca,Puerto Rico
3,80%,Finca,Dominican Republic
3.25,70%,Finca,Dominican Republic
2.5,85%,Finca,Dominican Republic
2.75,72%,Forever Cacao,Rio Eni
2.75,70%,Forteza (Cortes),Dominican Republic
2.75,80%,Forteza (Cortes),Puerto Rico
2.75,70%,Fossa,"Akesson's E., Sambirano V."
3.5,75%,Fossa,"Camino Verde P., Balao, Guayas"
3.75,67%,Fossa,"Kokoa Kamili Coop, Kilombero"
3.5,70%,Franceschi,Choroni
3.75,70%,Franceschi,Ocumare
3.75,70%,Franceschi,Canoabo
3.5,60%,Franceschi,Sur del Lago
3.5,70%,Frederic Blondeel,Costa Rica
3.5,75%,Frederic Blondeel,Peru Brutus
3,80%,Frederic Blondeel,Vietnam
3.5,60%,Frederic Blondeel,Ghana
3.5,65%,Frederic Blondeel,Madagascar
3.5,70%,French Broad,"Norandino, batch 161208"
3.5,73%,French Broad,Guatemala
3,80%,French Broad,San Andres
3.25,68%,French Broad,Matagalpa
3.5,66%,French Broad,"Palo Blanco, Chulucanas"
2.5,70%,French Broad,Tumbes Coop
3.5,61%,French Broad,"Palo Blanco, Chulucanas"
2,81%,French Broad,"Palo Blanco w/ panela, Chulucanas"
3.5,70%,French Broad,"Maranon Canyon, Fortunato No. 4"
3.5,65%,French Broad,La Red
3,70%,Fresco,"Maranon, #228, MR, SC"
3.5,70%,Fresco,"Maranon, #227, LR, MC"
3.5,70%,Fresco,"Maranon, #229, MR, LC"
3.5,70%,Fresco,"Maranon, #230, DR, LC"
3.25,72%,Fresco,"Conacado, #223, MR, SC"
3.75,72%,Fresco,"Conacado, #224, MR, MC"
3.75,70%,Fresco,"San Martin, Bellavista Coop, #226, DR, MC"
4,70%,Fresco,"Bellavista Coop, #225, LR, MC, CG Exclusive"
3.5,69%,Fresco,"Markham Valley, #219, LR, MC"
3.5,69%,Fresco,"Markham Valley, #221, DR, MC"
4,74%,Fresco,"Sambirano Valley, #216, MR, LC"
4,69%,Fresco,"Markham Valley, #220, MR, MC"
3,69%,Fresco,"Markham Valley, #222, LR, 0C"
2.75,74%,Fresco,"Ghana, #211, MR, MC"
3.25,70%,Fresco,"Jamaica, #209, DR, SC"
3.5,72%,Fresco,"Conacado, #212, LR, SC"
3.5,70%,Fresco,"Jamaica, #210, DR, MC"
2.75,74%,Fresco,"Sambirano Valley, #214, LR, MC"
3.25,72%,Fresco,"Conacado, #213, DR, -C"
3,74%,Fresco,"Sambirano Valley, #215, MR, MC"
3.25,76%,Fresco,"Chuao, #218, MR, MC"
4,70%,Fresco,"Chuao, #217, DR, MC"
2.75,80%,Fresco,"Jamaica, #204, DR, SC"
3,70%,Fresco,"Jamaica, #206, DR, LC"
3.25,70%,Fresco,"Jamaica, #205, DR, MC"
3.5,65%,Fresco,"Carenero Superior, #203, MR, SC"
3.5,70%,Friis Holm,"Rugoso, Bad Fermentation"
3,60%,Friis Holm (Bonnat),La Dalia
3.25,85%,Friis Holm (Bonnat),La Dalia
3.5,70%,Friis Holm (Bonnat),La Dalia
3.25,70%,Friis Holm (Bonnat),"Barba, Xoco"
3.5,70%,Friis Holm (Bonnat),"Medagla, Xoco"
3.25,70%,Friis Holm (Bonnat),"Chuno, triple turned, Xoco"
3.25,70%,Friis Holm (Bonnat),"Red Mayan, Xoco"
3.25,70%,Friis Holm (Bonnat),"Chuno, double turned, Xoco"
3.75,70%,Friis Holm (Bonnat),"Rugoso, Xoco"
3.25,70%,Friis Holm (Bonnat),"Johe, Xoco"
3.5,70%,Friis Holm (Bonnat),"Chuno, Xoco"
3.5,70%,Friis Holm (Bonnat),"Nicaliso, Xoco"
3.75,74%,Fruition,"Wild Bolivian, Batch 2"
4,74%,Fruition,"Coto Brus, Heirloom, Batch 1"
3.75,70%,Fruition,Gran Couva
3,76%,Fruition,Maranon
3.75,70%,Fruition,La Red
3,75%,Fruition,Camino Verde
2.5,70%,Fruition,Peru
3.25,66%,Fruition,Signature Blend
3,70%,Fruition,Costa Rica
2.5,85%,Garden Island,"Kaua'I, Alea Estate +world"
3.25,65%,Georgia Ramon,Akesson P.
4,70%,Georgia Ramon,ABOCFA Coop
3.5,70%,Georgia Ramon,Conacado Coop
3.5,80%,Georgia Ramon,Conacado Coop
3.5,75%,Georgia Ramon,Akesson P.
3.5,70%,Glennmade,"Toledo District, 2015 Harvest"
3,66%,Glennmade,Bahia
2.75,77%,Goodnow Farms,"Almendra Blanca, batch 1004"
3.25,77%,Goodnow Farms,"El Carmen, batch 1003"
3.25,77%,Goodnow Farms,"Asochivite, batch 1005"
3,72%,Grand Place,"Ben Tre, Dong Nai"
2.5,70%,Green & Black's (ICAM),Dark
3.5,70%,Green Bean to Bar,Madagascar
3.25,82%,Grenada Chocolate Co.,Grenada
2.75,60%,Grenada Chocolate Co.,Grenada
2.5,71%,Grenada Chocolate Co.,Grenada
3,64%,Guido Castagna,Arriba
3,64%,Guido Castagna,Ghana
3,64%,Guido Castagna,Trinidad & Tobago
3,76%,Guido Castagna,Lacri Blend
3.25,64%,Guido Castagna,Blend
3.75,70%,Guittard,"Epique, Blend No. 49"
2.75,65%,Guittard,Haiti
2.75,65%,Guittard,Nicaragua
3.25,65%,Guittard,Jamaica
3.5,65%,Guittard,Ecuador
2.75,72%,Guittard,Coucher du Soleil
3.25,61%,Guittard,Lever du Soleil
3.25,72%,Guittard,Onyx
3,65%,Guittard,Trinidad
3,55%,Guittard,"O'ahu, N. Shore, Waialua E., Kakoleka"
3,91%,Guittard,Nocturne
3.5,70%,Guittard,Complexite
3,65%,Guittard,Machu Pichu
3,64%,Guittard,Special Maker Reserve
3.5,65%,Guittard,Ocumare
3.5,72%,Guittard,Quetzalcoatl
3,65%,Guittard,Chucuri
2.5,65%,Guittard,Sur del Lago
3.5,65%,Guittard,"Sambirano, Ambanja"
3.5,65%,Guittard,"Los Rios, Quevedo"
3.5,61%,Guittard,Tsaranta
3,61%,Guittard,Semisweet
2.75,80%,Habitual,Papua New Guinea
2.75,74%,Habitual,Campesino w/ nibs
3.25,75%,Habitual,Dominican Republic
3.5,70%,Habitual,Trinitario
2.75,65%,Habitual,Downtown London
3,70%,Habitual,Africa meets Latina
3,80%,Habitual,Amazonas
3.25,66%,Habitual,Sharkey
2,100%,Habitual,one hundred
2.5,77%,Hachez,Arriba
2.75,55%,Hacienda El Castillo,Don Homero- Cerecita Valley
3,70%,Hacienda El Castillo,Don Homero- Cerecita Valley
3,70%,Haigh,South America and Africa
3.25,85%,Harper Macaw,"Vale do Juliana, w/ nibs"
3,67%,Harper Macaw,Brazil Blend
3.5,77%,Harper Macaw,"Tome Acu E., Amazon Rainforest"
3.5,74%,Harper Macaw,"Vale do Juliana E., Atlantic Forest"
2.75,64%,Heilemann,Peru
3.25,70%,Heirloom Cacao Preservation (Brasstown),"Maya Mtn, Moho R., Toledo D., 2015"
3.5,74%,Heirloom Cacao Preservation (Fruition),"Cota Brus, Terciopelo, 2015"
3.5,67%,Heirloom Cacao Preservation (Guittard),"Alto Beni, Upper Rio Beni, 2014"
3,67%,Heirloom Cacao Preservation (Guittard),"Wild Beni, Lower Rio Beni, Tranquilidad, 2014"
3.75,67%,Heirloom Cacao Preservation (Guittard),"Los Rios, Hacienda Limon, Orecao, 2014"
3.75,67%,Heirloom Cacao Preservation (Guittard),"Maunawili, O'ahu, Agri Research C., 2014"
3.5,72%,Heirloom Cacao Preservation (Manoa),"Maunawili, O'ahu, Agri Research C., 2015"
3.5,70%,Heirloom Cacao Preservation (Millcreek),"Los Rios, Hacienda Limon, Orecao, 2015"
3.5,77%,Heirloom Cacao Preservation (Mindo),"Pinchincha, Mindo, Coop Nueva Esper., 2015"
3.75,68%,Heirloom Cacao Preservation (Zokoko),"Alto Beni, Upper Rio Beni, 2015"
4,72%,Heirloom Cacao Preservation (Zokoko),"Wild Beni, Lower Rio Beni, Tranquilidad, 2015"
2.75,57%,hello cocoa,Uganda
3.5,74%,hello cocoa,Venezuela
2.75,70%,hexx,Tanzania
3,74%,hexx,Madagascar
3,70%,hexx,Venezuela
3.25,73%,hexx,Ecuador
3.25,70%,hexx,Peru
2.75,70%,Hogarth,Akesson's Estate
2.75,72%,Hogarth,Carenero Superior
3.25,75%,Hogarth,Conacado
3.5,66%,Hogarth,Gran Blanco
2,80%,Hoja Verde (Tulicorp),Arriba
2.5,80%,Hoja Verde (Tulicorp),Manabi
3,72%,Hoja Verde (Tulicorp),Arriba
3.25,58%,Hoja Verde (Tulicorp),Arriba
3.5,58%,Hoja Verde (Tulicorp),Manabi
2.75,70%,Holy Cacao,Maranon
3.5,70%,Holy Cacao,"Camino Verde P., Balao, Guayas"
3.5,70%,Holy Cacao,Sambirano
3.5,70%,Holy Cacao,Gran Couva
3.5,70%,Holy Cacao,Mara
2.5,70%,Holy Cacao,Ivory Coast
2.75,70%,Holy Cacao,Hispaniola
3.5,70%,Holy Cacao,San Martin
3.75,75%,Holy Cacao,Hispaniola w/ nibs
2.5,72%,Honest,"Ecuador, w/ nibs"
2.75,70%,Hotel Chocolat,"Pepiniere, single Cote"
4,70%,Hotel Chocolat,"Marcial, single Cote, 2012"
1.75,100%,Hotel Chocolat,"Island Growers, 2012, 120hr c."
3,75%,Hotel Chocolat (Coppeneur),Trinidad
3.5,80%,Hotel Chocolat (Coppeneur),Mekong Delta & Dong Nai
3,90%,Hotel Chocolat (Coppeneur),"Los Rios, H. Iara"
3,72%,Hotel Chocolat (Coppeneur),"Somia Plantation, Akesson, 2012"
3.5,82%,Hotel Chocolat (Coppeneur),"Los Rios, H. Iara, 2012"
2.75,100%,Hotel Chocolat (Coppeneur),"Chanchamayo, Pichanadi, 2012, 60hr c."
2.5,100%,Hotel Chocolat (Coppeneur),"Los Rios, H. Iara, 2012, 120hr c."
2.75,100%,Hotel Chocolat (Coppeneur),"Conacado, 2012, 120hr c."
3.5,66%,Hotel Chocolat (Coppeneur),Sambirano
3,80%,Hotel Chocolat (Coppeneur),"Los Rios, H. Iara, 96hr c."
3,65%,Hotel Chocolat (Coppeneur),"Island Growers, 120hr c."
3.25,65%,Hotel Chocolat (Coppeneur),"Island Growers, 96hr c."
2.75,70%,Hotel Chocolat (Coppeneur),Ecuador
3,70%,Hotel Chocolat (Coppeneur),Santo Domingo
2.75,70%,Hotel Chocolat (Coppeneur),Chuao
3,72%,Hotel Chocolat (Coppeneur),St. Lucia
2.5,80%,Hotel Chocolat (Coppeneur),Uganda
2.75,75%,Hotel Chocolat (Coppeneur),Tanzania
3,72%,Hotel Chocolat (Coppeneur),Uba Budo
3.5,70%,Hummingbird,Lam Dong
3,70%,Hummingbird,Bolivia
3,70%,Hummingbird,"Bolivia, Bo-nib-ia, w/ nibs"
3,70%,Hummingbird,Momotombo
3.75,70%,Hummingbird,Hispaniola
3.5,70%,Hummingbird,Zorzal Reserva w/ Charles Kerchner
3.25,70%,Hummingbird,"Ocumare, Cumboto"
3.75,70%,Hummingbird,Amazonas
3.75,72%,Idilio (Felchlin),"Chuao, Venezuela"
3.75,72%,Idilio (Felchlin),Coopertiva Amazona
3.75,72%,Idilio (Felchlin),"Sur del Lago, Amiari Meridena, Zulia, 48hr c."
3.25,72%,Idilio (Felchlin),"Choroni, Finca Torres, 48hr c."
3.75,72%,Idilio (Felchlin),"Ocumare, H. Cata, 48hr c."
4,74%,Idilio (Felchlin),"Porcelana, Zulia"
3.5,72%,Idilio (Felchlin),"Ocumare, H. Cata, w/ nibs"
4,70%,Idilio (Felchlin),"Carenero Superior, Urrutia, Barlovento"
4,72%,Idilio (Felchlin),Coopertiva Amazona w/ nibs
4,72%,Idilio (Felchlin),"Sur del Lago, Amiari Meridena, Zulia, w/ nibs"
2.5,61%,Indah,India (south)
3.25,70%,Indaphoria,La Red
2.75,70%,Indaphoria,"Conacado, Manifesto"
3,77%,Indi,Honduras
2.75,72%,iQ Chocolate,"Satipo region, white label"
3,72%,iQ Chocolate,black label
3.5,72%,Isidro,Madagascar
2.25,72%,Isidro,Peru
3.25,72%,Isidro,Belize
3.25,72%,Isidro,Dominican Republic
3.5,70%,Izard,"Maya Mountain, Toledo, Batch 29"
2.75,70%,Izard,"Elvesia P., Batch 32"
2,71%,Jacque Torres,Trinatario Treasure
2.75,63%,Jordis,Madagascar
3.5,70%,Just Good Chocolate,Belize
3.5,70%,Just Good Chocolate,Madagascar
4,70%,Just Good Chocolate,Peru
3.5,70%,Kah Kow,"Rizek Cacao, Cibao Valley, Domin. Rep."
3,82%,Kah Kow,"Rizek Cacao, Domin. Rep."
3.25,55%,Kah Kow,"Rizek Cacao, Domin. Rep."
3.25,62%,Kah Kow,"Rizek Cacao, Domin. Rep."
2.5,64%,Kakao,Peru
3.75,65%,Kakao,Vanuatu
3,70%,Kallari (Ecuatoriana),Sisa 36hr/ W. F. blend prototype
3.5,70%,Kallari (Ecuatoriana),Sisa's Secret/ original micro
2.75,75%,Kallari (Ecuatoriana),Roberto
2.5,85%,Kallari (Ecuatoriana),Diego/ original micro
2.75,85%,Kallari (Ecuatoriana),Diego 48hr/ W.F. blend prototype
3,85%,Kallari (Ecuatoriana),Diego 60hr/ W.F. blend prototype
2.5,75%,Kallari (Ecuatoriana),Cacao Nacional W.F.
3,85%,Kallari (Ecuatoriana),Cacao Nacional W.F.
2.75,70%,Kaoka (Cemoi),Noir
2.75,80%,Kaoka (Cemoi),Ecuador
3.75,70%,Kerchner,"La Red, Project Reserva, Guaconejo"
2,72%,Ki' Xocolatl,Dark
3,60%,Kiskadee,"La Red, Guanconjeco"
2.5,72%,Kto,San Martin
2.75,72%,Kto,Ocumare
3,72%,Kto,Belize
3.25,72%,Kto,Sambirano Valley
3.25,90%,Kto,Belize
3.25,72%,Kto,Elvesia
3.25,72%,Kto,ROIG
3.25,70%,K'ul,"Kafupbo, Petit Bourg, De Borgnes"
2.75,70%,K'ul,"Maranon, Fortunato No. 4"
3.75,70%,K'ul,"Los Rios, Hacienda Limon, Heirloom"
3.75,70%,K'ul,"Bahia, Fazenda Camboa"
2.5,72.5%,Kyya,Uganda
3,72.5%,Kyya,Hispaniola
2.5,72.5%,Kyya,Ecuador
3,72.5%,Kyya,Madagascar
3.25,74%,L.A. Burdick (Felchlin),Peru
4,70%,L.A. Burdick (Felchlin),Brazil
3.75,68%,L.A. Burdick (Felchlin),Chuao
3.75,74%,L.A. Burdick (Felchlin),Quito
3.25,75%,L.A. Burdick (Felchlin),Grenada
3.75,74%,L.A. Burdick (Felchlin),Dominican Republic
3,71%,L.A. Burdick (Felchlin),Venzuela
3.5,64%,L.A. Burdick (Felchlin),Madagascar
3,68%,L.A. Burdick (Felchlin),Bolivian
2.25,70%,La Chocolaterie Nanairo,"Lumas, 2015 Harvest, Batch 6, brown sugar"
2.5,70%,La Chocolaterie Nanairo,"Lumas, 2015 Harvest, Batch 7"
3,70%,La Chocolaterie Nanairo,"Tumbes, 2013 Harvest, Batch 8"
3,70%,La Chocolaterie Nanairo,"Belize, 2014 Harvest, Batch 9"
2.75,74%,La Maison du Chocolat (Valrhona),"Cuana, 2013"
3.25,60%,La Maison du Chocolat (Valrhona),Tobago
3.25,56%,La Maison du Chocolat (Valrhona),"Acarigua, w/ nibs"
3.5,66%,La Maison du Chocolat (Valrhona),Loma Sotavento
3.5,68%,La Maison du Chocolat (Valrhona),Grenada
3.25,68%,La Maison du Chocolat (Valrhona),Akosombo
3.5,69%,La Maison du Chocolat (Valrhona),"Porcelana, Pariguan"
3,60%,La Maison du Chocolat (Valrhona),Kuruba
3.75,60%,La Maison du Chocolat (Valrhona),Orinoco
3.5,74%,La Maison du Chocolat (Valrhona),"Cuana, 2008"
2.5,72%,La Oroquidea,Peruvian Amazon
3.25,60%,La Pepa de Oro,Vinces
2.75,75%,Laia aka Chat-Noir,"Madagascar, Batch 59/100"
2.75,75%,Laia aka Chat-Noir,"Vietnam, Batch 50/100"
3,75%,Laia aka Chat-Noir,"Cuba, Batch 59/100"
3.25,75%,Laia aka Chat-Noir,"Peru, Batch 51/100"
3,75%,Laia aka Chat-Noir,"Ivory Coast, Batch 56/100"
3.5,75%,Laia aka Chat-Noir,"Sao Tome, Batch 151"
3.25,75%,Laia aka Chat-Noir,"Bahia, Batch 148"
3.75,75%,Laia aka Chat-Noir,"Lam Dong, Batch 153"
2.75,70%,Laia aka Chat-Noir,Cuba
2.75,68%,Laia aka Chat-Noir,Trinidad-Tobago
3.5,70%,Lajedo do Ouro,Catongo
2.5,75%,Lake Champlain (Callebaut),Tanzania
3.5,80%,L'Amourette,Rugoso
3,75%,L'Amourette,Carenero Superior
3,75%,L'Amourette,Rio Caribe
3,72%,L'Amourette,Blend
3.5,70%,Letterpress,"La Masica, Batch 7, FHIA"
3.25,70%,Letterpress,"Maya Mtn, Batch 18, Heirloom"
3.25,70%,Letterpress,Liberia
3.25,70%,Letterpress,Beniamo
3.5,70%,Letterpress,"San Juan Estate, Gran Couva"
3,70%,Letterpress,San Andres
3.25,70%,Letterpress,"La Red, Guaconejo"
3.5,70%,Letterpress,Kokoa Kamili
3.5,70%,Letterpress,Maranura
3.5,71%,Levy,Sambirano
3,70%,Lilla,Madagascar
3.5,65%,Lillie Belle,Perfect Illusion
3.5,68%,Lillie Belle,"Bolivia, Wild Thing"
3.75,68%,Lillie Belle,La Selva
2.75,75%,Lillie Belle,Purple Haze
3,74%,Lillie Belle,"The Other One, Grand Cru"
3.5,68%,Lillie Belle,Wild Thing
3,85%,Lindt & Sprungli,Excellence (US Version)
2.5,65%,Loiza,Puerto Rico
3.75,70%,Lonohana,"Haleiwa, O'ahu; Lonohana E., Kanahiku"
3.25,65%,Lonohana,"Haleiwa E, O'ahu, 2014"
3.75,75%,Lonohana,"Haleiwa E, O'ahu, 2014"
3,71%,Lonohana,"Opaeula Estate, O'ahu, Nene, CG Exclusive"
3,72%,Lonohana,"Opaeula Estate, O'ahu, Ele'ele"
3.5,70%,Lonohana,"Hawaiian Crown, Kona Vanilla"
2,75%,Love Bar,Nicaragua
2.75,46%,Luker,Selva
3,60%,Luker,Macondo
3,58%,Luker,Misterio
3.5,65%,Luker,Santander
1.5,70%,Machu Picchu Trading Co.,Peru
2.25,55%,Machu Picchu Trading Co.,Peru
3.5,67%,Madecasse (Cinagra),Madagascar
3.75,70%,Madecasse (Cinagra),Madagascar
4,63%,Madecasse (Cinagra),Madagascar
3.5,75%,Madecasse (Cinagra),Madagascar
3.5,73%,Madre,Guadalcanal
2.75,70%,Madre,Puerto Rico
3.5,70%,Madre,Brazil
2.75,70%,Madre,"Choobua, Kona"
2.75,70%,Madre,"Xocunusco, Chiapas, Pichucalco"
3.25,70%,Madre,"Hamakua Coast, Kokoleka"
3.25,70%,Madre,"Criollo, Hawaii"
3.5,70%,Madre,Kaua'i
2.5,70%,Madre,Dominican
2.75,70%,Madre,Upala
2.75,72%,Madre,"Chiapas, Triple Cacao"
2,75%,Maglio,Africa
3,70%,Maglio,Ecuador
3.25,70%,Maglio,Cuba
3.75,70%,Maglio,Santo Domingo
2,70%,Majani,Ecuador
2.75,75%,Malagasy (Chocolaterie Robert),Sambirano 2006
3.5,73%,Malagasy (Chocolaterie Robert),Mora Mora 2006
3.5,65%,Malagos,"Davao, Mt. Talamo foothills"
3.5,55%,Malie Kai (Guittard),"O'ahu, N. Shore, Waialua Estate w/ nibs"
2.75,55%,Malie Kai (Guittard),"O'ahu, N. Shore, Waialua Estate"
3,70%,Malmo,Chuao
2.5,74%,Mana,Ecuador
2.5,74%,Mana,Peru
2.75,74%,Mana,Venezuela
3.75,74%,Mana,Conacado
2.75,70%,Manifesto Cacao,Colombia
3.5,72%,Manoa,Markham Valley
3.75,72%,Manoa,Coto Brus
3.75,72%,Manoa,"Waiahole, O'ahu"
3.25,72%,Manoa,"Liberia, #174"
2.75,72%,Manoa,"Hamakua, Hawaiian Crown, #176"
3,72%,Manoa,Piura
3.25,72%,Manoa,"Oahu, Winward, #151, Maunawili district"
3.75,70%,Manufaktura Czekolady,Johe
3.5,70%,Manufaktura Czekolady,Peru
3.75,70%,Manufaktura Czekolady,Porcelana
3.5,85%,Manufaktura Czekolady,Kolumbia
3.25,70%,Manufaktura Czekolady,Grand Cru Dominican Republic
3.5,70%,Manufaktura Czekolady,Grand Cru Ghana
3.25,70%,Manufaktura Czekolady,Grand Cru Ecuador
3.25,75%,Map Chocolate,"Ben Tre, Surprise Valley"
3.5,70%,Map Chocolate,"ROIG, 2014"
3.5,62%,Map Chocolate,"Maranon, 2014"
3.5,70%,Map Chocolate,Ecuador
2.75,70%,Map Chocolate,"San Juan Estate, Cherry Blossoms at Night"
3.5,70%,Map Chocolate,"A case of the Xerces Blues, triple roast"
3.5,68%,Map Chocolate,"Tumbes, Dear Mr. Finley, 2014"
2.75,75%,Map Chocolate,Colombia
3,72%,Map Chocolate,"Kakoa Kamili, Both Man & Bird & Beast"
3.5,78%,Map Chocolate,Le Chocolat Chaud
3,70%,Marana,Piura
2.75,70%,Marana,Cusco
3,70%,Marana,San Martin
3.25,75%,Marigold's Finest,Cacao Nib Crunch
3.25,85%,Marou,"Tan Phu Dong Island, Heart of Darkness"
3.5,68%,Marou,Ben Tre
3.75,70%,Marou,"Dak Lak, Batch 2451"
3.5,75%,Marou,"Tan Phu Dong, Treasure Island"
3.5,76%,Marou,Ba Ria
3.5,72%,Marou,Dong Nai
3.5,70%,Marou,"Tien Giang, Gao Co-op"
3.5,78%,Marou,Ben Tre
3,80%,Marou,Tien Giang
3.5,74%,Marou,Lam Dong
3,65%,Mars,"Matina 1-6, prototype"
3,65%,Mars,Ivory Coast
3.25,65%,Mars,Nigeria
3.5,65%,Mars,"Ghana, prototype"
2.25,74%,Marsatta,Dominican Republic
2.5,89%,Marsatta,Dominican Republic
2.75,76%,Martin Mayer,Alto Beni
3,82%,Martin Mayer,Pisa
3.25,74%,Martin Mayer,Tumaco
3,76%,Mast Brothers,Guatemala
3.25,74%,Mast Brothers,Tanzania
3.75,75%,Mast Brothers,French Laundry 20th Anniversary
3.5,73%,Mast Brothers,Shake Shack
2.5,72%,Mast Brothers,Madagascar
2.75,73%,Mast Brothers,Chuao
3.5,72%,Mast Brothers,Brooklyn Blend
3,76%,Mast Brothers,"Chuao, Med. Roast"
3,70%,Mast Brothers,"Chuao, Dark Roast"
2.75,81%,Mast Brothers,"Chuao, Light Roast"
3.5,70%,Mast Brothers,Moho River
2.75,71%,Mast Brothers,Papua New Guinea
3,75%,Mast Brothers,San Martin
3.25,73%,Mast Brothers,Conacado
3.75,74%,Mast Brothers,"La Red de Guanconejo, N. Highlands coop"
2.75,81%,Mast Brothers,Patanemo
3,75%,Mast Brothers,Ocumare de la Costa
3.25,70%,Mast Brothers,"Dominican Republic, Coop"
3.5,72%,Matale,"Malekula P., 2013"
4,68%,Matale,"Somia, 2013"
4,74%,Matale,"Kulili P., 2013"
3.75,70%,Matale,Blend
3.25,70%,Maverick,Maya Mountain
3.25,70%,Maverick,Elvesia
3.25,82%,Maverick,Tumbes
3.5,63%,Maverick,"Morropon, Norandiono Coop, Piura"
3,72%,Mayacama,Hispaniola
2.5,70%,Meadowlands,Bolivia
2.75,70%,Meadowlands,Venezuela
3,70%,Meadowlands,Belize
3,70%,Meadowlands,"Nicaragua, w/ inbs"
3.5,70%,Meadowlands,Dominican Republic
2.5,80%,Menakao (aka Cinagra),Madagascar
2.5,72%,Menakao (aka Cinagra),Madagascar
2.75,80%,Mesocacao,El Salvador
3,70%,Mesocacao,El Salvador
3.25,80%,Mesocacao,Honduras
3.5,70%,Mesocacao,Honduras
3.25,70%,Mesocacao,"La Tronca, Matagalpa"
3.5,80%,Mesocacao,"La Tronca, Matagalpa"
3,70%,Metiisto,"Fazenda Sempre Firme P., Bahia"
3.5,72%,Metiisto,Akesson Estate
3.5,70%,Metropolitan,South America
3.75,66%,Michel Cluizel,"Chiapas, Mokaya P."
3.5,66%,Michel Cluizel,"Carenero Superior, Concepcion"
3.5,67%,Michel Cluizel,Vila Gracinda
2,60%,Michel Cluizel,Carre Amer
2,85%,Michel Cluizel,Carre Grand Noir
3,70%,Michel Cluizel,Tamarina
4,67%,Michel Cluizel,Los Ancones P.
4,65%,Michel Cluizel,Mangaro P.
4,64%,Michel Cluizel,Maralumi P.
2,99%,Michel Cluizel,Noir Infini
3.5,80%,Middlebury,Maya Mountain
3.5,70%,Middlebury,San Juan Estate
3.75,75%,Middlebury,Oko Caribe
3.75,75%,Middlebury,"Patanemo, Epoch, Donaldo"
3.25,75%,Middlebury,Kokoa Kamili
3.5,70%,Middlebury,"Matagalpa, Cacao Bisiesto"
2.5,75%,Middlebury,La Red
3.25,80%,Middlebury,Belize
1.5,65%,Middlebury,Houseblend
2,75%,Middlebury,Alto Beni
2.5,70%,Middlebury,"Balinese, Java"
2.5,70%,Millcreek Cacao Roasters,Ecuador
3.5,70%,Millcreek Cacao Roasters,Ecuador
2.75,67%,Mindo,Ecuador
2.75,77%,Mindo,Ecuador
3.5,70%,Minimal,"Acul-du-Nord, 2015"
3.75,75%,Mission,"Fazenda Camboa, Bahia"
3.5,70%,Mission,"Bahia, Fazenda Venturosa"
2.5,65%,Mita,Tumaco
3.25,73%,Moho,"Toledo District, w/ nibs"
3,72%,Moho,Toledo District
2.75,67%,Moho,"Umoho R., Toledo District, San Felipe"
3,70%,Molucca,La Red
2.75,70%,Molucca,Indonesia
3.25,70%,Molucca,Peru
2.75,70%,Momotombo,Matagalpa
2.75,70%,Momotombo,Mombacho
3.25,70%,Momotombo,Oscuro
3.5,72%,Monarque,Oko Caribe
3.25,70%,Monsieur Truffe,Papaua New Guinea
3.25,70%,Montecristi,Manabi
3.5,63%,Montecristi,Manabi
3.5,85%,Montecristi,Manabi
3.5,70%,Muchomas (Mesocacao),Nicaragua
3.5,80%,Muchomas (Mesocacao),Nicaragua
2.75,68%,Mutari,"Kokoa Kamili, batch 1 SRB"
2.75,71%,Mutari,"Oko Caribe, batch 1 SRB"
2.75,68%,Mutari,"Ambanja, batch 1 SRB"
3,80%,Mutari,"Tien Giang, batch 1 SRB"
2.5,58%,Nahua,"Costa Rica, Oscuro"
3,70%,Nahua,"Costa Rica, Oscuro"
3.75,70%,Naive,Trinidad & Tobago
3.75,78%,Naive,"Maranon Canyon, Fortunato No. 4"
2.5,71%,Naive,Grenada
3.25,70%,Naï¿½ve,Nicaragua
2.75,75%,Naï¿½ve,Chuao
3,70%,Naï¿½ve,Barinas
3.5,85%,Nanea,Criollo Blend
2.25,72%,Nathan Miller,Peru
2.5,70%,Nathan Miller,Hispaniola
2.5,73.5%,Nathan Miller,Madagascar
3.5,70%,Nathan Miller,Ghana
2.5,70%,Neuhaus (Callebaut),Papua New Guinea
3.75,67%,Neuhaus (Callebaut),Manickchand Estate
1,73%,Neuhaus (Callebaut),Dark
2,73%,Neuhaus (Callebaut),West Africa
2.75,75%,Neuhaus (Callebaut),Sao Tome
3,71%,Neuhaus (Callebaut),Ocumare
2.25,72%,Nibble,Patanemo
2.75,72%,Nibble,Elvesia P.
3,72%,Nibble,"Ambanja, Sambirano Valley"
3,72%,Nibble,Tumbes
2.75,75%,Night Owl,Peru
3.5,75%,Night Owl,Ecuador
3,75%,Noble Bean aka Jerjobo,Ghana
3,75%,Noble Bean aka Jerjobo,Moho Valley
3.25,75%,Noble Bean aka Jerjobo,Maranon Canyon
3,70%,Noir d' Ebine,Venezuela
3,70%,Noir d' Ebine,Ecuador
3,70%,Nova Monda,"La Patriota, cacao Indio, purple label"
2.75,75%,Nova Monda,"La Dalia, Matagalpa,cacao Bisesto,green label"
3.25,80%,Nova Monda,"Punta Galera, cacao Nacional, gold label"
3.75,70%,Nuance,"Ghana, 2013"
2.75,70%,Nuance,"Ecuador, 2013"
3,70%,Nuance,"Canoabo, 2013"
3.5,70%,Nuance,"Sambirano Valley, 2012"
3.75,70%,Nuance,La Red
3.5,70%,Nugali,Fazenda Leolinda
2.5,70%,Oakland Chocolate Co.,Jamaica
3.75,70%,Obolo,Pangoa
3.75,70%,Obolo,"Pangoa, w/ nibs"
3.75,70%,Ocelot,Virunga
4,75%,Ocelot,Piura
2.75,100%,Ocho,Sang Yum Coop
3.5,70%,Ocho,Sang Yum Coop
2.75,66%,Ocho,"PNG, Devotion"
3,70%,Ocho,"PNG, Revolution"
3.25,88%,Ocho,"PNG, Voodoo"
3.5,74%,Ocho,"PNG, Nib Bar"
2.75,70%,Ohiyo,"San Juan Estate, Gran Couva"
3,70%,Ohiyo,Tanzania
3.5,70%,Oialla by Bojessen (Malmo),"Sylvestre, Oialla"
3,72%,Olive and Sinclair,Dominican Republic prototype
3,72%,Olive and Sinclair,Ghana prototype
2.75,67%,Olive and Sinclair,Dark 67
3,75%,Olive and Sinclair,Dark 75
2,76%,Olivia,Carribean-Raw
2.75,76%,Olivia,Carribean
2.75,85%,Olivia,Carribean
3,85%,Olivia,Carribean-Raw
2.75,80%,Omanhene,Ghana
3.75,70%,Omnom,"Kakao Kamili, Kilombero Valley"
3,70%,Omnom,Papua New Guinea
3.5,66%,Omnom,Madagascar
2.75,74%,organicfair,Maya Mountain
2.75,72%,organicfair,La Red
2.75,72%,organicfair,Nicaraqua
3,72%,organicfair,Caribe
3,72%,organicfair,Mindo
2.75,68%,Original Beans (Felchlin),Papua Kerafat
3.25,80%,Original Beans (Felchlin),"Grand Cru Blend No.1, 5 yr. Anniversary Ed"
3.75,66%,Original Beans (Felchlin),"Alto Beni, Wild Harvest, Itenez R. 24hr c."
3,70%,Original Beans (Felchlin),"D.R. Congo, Cru Virunga"
3,75%,Original Beans (Felchlin),"Piura, Apotequil, ""Porcelana"" 72hr c."
3.25,68%,Original Beans (Felchlin),"Alto Beni, Wild Harvest, Itenez R., 60hr c."
3,60%,Original Hawaiin Chocolate Factory,"Hawai'i, Kona Grand Cru E."
3,60%,Original Hawaiin Chocolate Factory,"Hawai'i, Kona Estate Grown"
3,65%,Orquidea,Peru
3,72%,Orquidea,Peru
4,70%,Pacari,"Sierra Nevada, Tutu Iku"
3.25,70%,Pacari,Garaua
3.5,70%,Pacari,Cumbia
3.75,70%,Pacari,Montubia
4,70%,Pacari,Tangara
2.75,85%,Pacari,"Ecuador, raw"
4,70%,Pacari,Piura
3.5,70%,Pacari,Nube- prototype
2.5,60%,Pacari,Esmeraldas
2.75,65%,Pacari,Manabi
3,72%,Pacari,Los Rios
2,100%,Pacari,Raw
3.5,70%,Pacari,Raw
2.75,70%,Palette de Bine,Lachua
3,72%,Palette de Bine,Maya Mtn
3.25,70%,Palette de Bine,"Silvestre, La Paz, Beni"
3.25,70%,Palette de Bine,"San Juan Estate, Gran Couva"
3.5,72%,Palette de Bine,Kokoa Kamili
3.75,72%,Palette de Bine,Lam Dong
2.75,72%,Palette de Bine,"Alto Beni, Palos Blancos"
3.75,78%,Palette de Bine,Sambirano
2.75,75%,Palette de Bine,"Camino Verde P., Balao, Guayas"
3.5,75%,Palette de Bine,Duo- Gran Couva & Camino Verde
3.75,70%,Palette de Bine,Gran Couva
3,76%,Pangea,Matasawalevu
3.5,65%,Park 75,South America
3.25,70%,Parliament,Kilombero Valley
3.5,70%,Parliament,"Lachua, Q'egchi families"
3,70%,Parliament,Alto Beni
3.5,70%,Parliament,Oko Caribe
2.5,55%,Pascha,Peru
2.75,70%,Pascha,Peru
3.75,70%,Patric,Signature Blend
4,75%,Patric,Madagascar
3.5,67%,Patric,Madagascar
3.5,70%,Patric,"Rio Caribe, Paria Penninsula"
4,70%,Patric,Madagascar
4,67%,Patric,"Piura, Choc. Garage Exclusive"
2.25,73%,Paul Young,"Madagascar, w/ shell"
2.75,64%,Paul Young,"Madagascar, w/ shell"
3,82%,Peppalo,Dominican Republic
3.25,70%,Pierre Marcolini,"Haut Penja, w/ nibs"
3,75%,Pierre Marcolini,Chuao
3.25,75%,Pierre Marcolini,Trinite
3.75,78%,Pierre Marcolini,"Baracoa, Cuba"
3,85%,Pierre Marcolini,"Peru, Las Pampas P."
3,72%,Pierre Marcolini,"Bahia Brazil, Fazenda Sao Pedro"
3,72%,Pierre Marcolini,"Porcelana, Tabasco, Finca La Joya"
4,70%,Pierre Marcolini,Cabosse
3.75,72%,Pierre Marcolini,"Los Rios, Puerto Romero, Equateur"
4,72%,Pierre Marcolini,"Sambirano, Ambanja, Madagascar"
3.5,85%,Pierre Marcolini,Fleur de Cacao
4,72%,Pierre Marcolini,"Porcelana, Tabasco, Limited Ed."
3,72%,Pierre Marcolini,"Kendem Lembu, Java"
4,72%,Pierre Marcolini,"Ocumare, Puerto Cabello, Venezuela"
2.5,80%,Pinellas,Wampusirpi Region
2.5,62%,Pitch Dark,Tenor
2.75,80%,Pitch Dark,Johe
2.75,80%,Pitch Dark,Chuno
2.75,80%,Pitch Dark,Nicalizo
3.25,80%,Pitch Dark,Rugoso
3.25,73%,Pitch Dark,Akesson Estate
2.5,73%,Pitch Dark,Namau Village
3.25,73%,Pitch Dark,"Camino Verde P., Balao, Guayas, ""Fruity"""
3.5,73%,Pitch Dark,"Camino Verde P., Balao, Guayas, ""Floral"""
2.5,76%,Pomm (aka Dead Dog),"La Red, 2011"
2.75,82%,Pomm (aka Dead Dog),Peru
3.75,70%,Potomac,"Oko Caribe, Duarte Province, 2016 H."
3.75,70%,Potomac,"Cuyagua, 2013"
3.5,70%,Potomac,Upala w/ nibs
3,70%,Potomac,"Upala, Batch 18"
2.75,70%,Potomac,"San Martin, Amazonian Highlands"
3.5,70%,Potomac,Bahia
3.75,82%,Potomac,"Upala, Batch 12"
3.25,75%,Pralus,Peru
3.25,75%,Pralus,"Porcelana, S. of Lake Maracaibo"
3.5,75%,Pralus,Chuao
2,75%,Pralus,Cuyagua
3,75%,Pralus,Papouasie
3,100%,Pralus,"Sambirano Valley, Le 100%"
2,75%,Pralus,Dominican Republic-Organic
3.5,75%,Pralus,"Monte Alegre, Diego Badero"
4,75%,Pralus,Claudio Corallo w/ nibs
3,75%,Pralus,"Monte Alegre (Itacare), Brazil"
3.5,75%,Pralus,Tanzania
3.5,75%,Pralus,Sao Tome & Principe
3.5,75%,Pralus,Trinidad
3.75,75%,Pralus,"Madagascar, Nosy Be Isle."
3.5,75%,Pralus,"Java, Indonesie"
3.5,75%,Pralus,"Barlovento, Venezuela"
4,75%,Pralus,Jamaique
3,75%,Pralus,Equateur
3,75%,Pralus,Vanuatu
3.25,75%,Pralus,Ghana
3.5,75%,Pralus,Colombie
4,80%,Pralus,Fortissima
3,75%,Pralus,Cuba
3,75%,Pralus,"Caracas, Venezuela and Ghana"
3.5,75%,Pralus,"Djakarta, Java and Ghana"
3.5,77%,Pump Street Bakery,"Chocoan Rainforest, Teroro Escondido, ESM"
3.5,70%,Pump Street Bakery,"Crayfish Bay Estate, 2014"
3.5,74%,Pump Street Bakery,"Akesson's, batch 4411"
2.75,80%,Pump Street Bakery,Honduras
2.75,75%,Pump Street Bakery,"Patanemo Vil., Carabobo State, Tisano family"
3,75%,Pump Street Bakery,Guantupi River
3.25,72%,Pump Street Bakery,"Akessons Estate, Sambirano, Ambanja"
2.75,85%,Pump Street Bakery,Guantupi River
2.75,73%,Pura Delizia,Venezuela
3.25,75%,Q Chocolate,Brazil
3.5,85%,Q Chocolate,Brazil
2.75,55%,Q Chocolate,Brazil
3.25,80%,Q Chocolate,Brazil
3,60%,Q Chocolate,Brazil
3.25,65%,Q Chocolate,Brazil
2.75,70%,Quetzalli (Wolter),"Mexico, Lot 28022016"
3,74%,Quetzalli (Wolter),"Uranga, Lot 22032016"
3,70%,Raaka,Amazon Basin Blend
2.75,75%,Raaka,Virunga
3.25,75%,Raaka,Madagascar
3.5,85%,Raaka,La Red
2.75,70%,Rain Republic,Suchitepequez E.
3,75%,Rancho San Jacinto,Ecuador
2.5,70%,Ranger,"San Martin, Batch 2"
3.25,80%,Ranger,"Chulucanas, Batch 1"
3.5,73%,Ranger,"Tumbes, Batch 2"
3.25,75%,Raoul Boulanger,Piura
2.5,70%,Raw Cocoa,Raw
3.25,75%,Republica del Cacao (aka Confecta),Esmeraldas
2.5,75%,Republica del Cacao (aka Confecta),"Los Rios, Vinces"
3,75%,Republica del Cacao (aka Confecta),Manabi
3.5,67%,Republica del Cacao (aka Confecta),El Oro
3.75,75%,Republica del Cacao (aka Confecta),Los Rios
3.75,75%,Ritual,"Camino Verde P., Balao, 2015 harvest, batch8"
3.5,85%,Ritual,"Camino Verde P., Balao, Guayas, 2014"
3.5,70%,Ritual,"Mid Mountain, 2014"
3.75,75%,Ritual,"Toledo District, Maya"
3,75%,Ritual,"Maranon, Cajamarca"
4,75%,Ritual,Sambirano
3.25,75%,Ritual,"Camino Verde P., 2012, Balao, Guayas"
3.5,75%,Ritual,Gran Couva
3.5,75%,Ritual,Costa Rica
3.25,70%,Roasting Masters,"La Dorado, light roast"
3.25,70%,Roasting Masters,"Tapanti, light roast"
3.25,70%,Roasting Masters,Maleku
3.25,75%,Robert (aka Chocolaterie Robert),Madagascar
3.25,68%,Robert (aka Chocolaterie Robert),Madagascar w/ nibs
3.5,66%,Rococo (Grenada Chocolate Co.),"Gru Grococo, St. Andrews"
3.75,75%,Rogue,"La Masica, Batch 1, FHIA Research Center"
3.75,70%,Rogue,"Caranero, Choc. Garage Exclusive"
3.25,75%,Rogue,"Tranquilidad, Batch 1"
3.75,80%,Rogue,Porcelana
3.5,70%,Rogue,"Akessons Estate, Sambirano, 2013"
3.5,70%,Rogue,"Hispaniola, 2013"
4,75%,Rogue,"Silvestre, Batch 7, 2013"
3.75,75%,Rogue,"Bachelor's Hall E., St. Thomas Parish"
3.75,75%,Rogue,"Camino Verde P., Balao, Guayas"
3,75%,Rogue,"Silvestre, Batch 1, 2011"
3.75,75%,Rogue,Piura
3.5,70%,Rogue,Rio Caribe
2.75,70%,Rogue,"Hispaniola, 2008"
2.75,70%,Rogue,Jamaica
2.75,70%,Rogue,"Sambirano, 2008"
3,70%,Rogue,Trinidad
2.5,84%,Rozsavolgyi,Sur del Lago
2.25,76%,Rozsavolgyi,"Rio Caribe Superior, Paria Penninsula"
2.5,72%,Rozsavolgyi,"Sambirano, Akesson Estate"
3.5,73%,Rozsavolgyi,Carenero Superior
2.5,71%,Rozsavolgyi,Porcelana
3.5,70%,Rozsavolgyi,"Aragua, Trincheras"
2.75,77%,Rozsavolgyi,Principe
3.5,64%,S.A.I.D.,Malgascio
1.5,100%,S.A.I.D.,100 percent
3,70%,S.A.I.D.,Samana
3.5,72%,S.A.I.D.,Arawak
3.5,72%,S.A.I.D.,Latino
2.75,83%,Sacred,Midnight
3.25,69%,Sacred,Twilight
3.5,70%,Salgado,Bahia Superior
3.5,70%,Salgado,Esmeraldas
3.5,70%,Salgado,Carenero Superior
3.5,70%,Salgado,Rio Arriba
2.75,75%,Santander (Compania Nacional),Colombian 2008
3,70%,Santander (Compania Nacional),Colombian w/ nibs
2,53%,Santander (Compania Nacional),Colombian Semi Dark
3,65%,Santander (Compania Nacional),Colombian
4,70%,Santander (Compania Nacional),Colombian Dark
2.75,70%,Santome,Sao Tome
4,78%,Scharffen Berger,San Juan de Cheni
3.75,68%,Scharffen Berger,Markham Valley
3.5,68%,Scharffen Berger,Camahogne
3.75,65%,Scharffen Berger,Amina
3.75,68%,Scharffen Berger,Tome Acu
4,65%,Scharffen Berger,Asante
3.75,72%,Scharffen Berger,Ben Tre
3,72%,Scharffen Berger,Finisterra
3,72%,Scharffen Berger,Las Islas
3,62%,Scharffen Berger,Nibby
3.75,75%,Scharffen Berger,Cuyagua
3,75%,Scharffen Berger,Antilles (Trin/Gren/DR/Ven)
2,82%,Scharffen Berger,Extra Dark
3.5,70%,Scharffen Berger,Bittersweet
2,68%,Scharffen Berger,Kumasi Sambirano
2,70%,Scharffen Berger,Jamaica a l'ancienne
3,62%,Scharffen Berger,Semisweet
2.75,70%,Seaforth,Dominican Republic
2.75,70%,Seaforth,Grenada
3.25,72%,Shark Mountain,Jamaica
3.5,73%,Shark Mountain,Papua New Guinea
2.75,77%,Shark Mountain,Cuyagua
3.5,74%,Shark Mountain,ROIG
3,75%,Shark Mountain,Ecuador
3.25,72%,Shark Mountain,"Belize, 2013"
2,73%,Shark's,Hilo
2.5,73%,Shark's,"Hilo, w/ added cocoa butter"
3.25,70%,Shattel,Tingo Maria
3.5,75%,Shattell,Porcelana
3.25,82%,Sibu,Oro
3.5,70%,Sibu,Oscuro
2.5,70%,Sibu Sura,Peru
3,67%,Silvio Bessone,Maya Belize
3.25,65%,Silvio Bessone,"Trintade, Sao Tome"
3.25,60%,Silvio Bessone,"Bahia, Scavina"
3,68%,Silvio Bessone,"Porcelana, Colombia, Amazonas"
3.5,73%,Sirene,Wild Bolivia
3.5,73%,Sirene,Kokoa Kamili Coop
3.75,73%,Sirene,"Esmeraldas, Salazar Farm"
3,100%,Sirene,"Somia Plantation, 2012"
3,100%,Sirene,"Camino Verde P., Balao, Guayas, 2012"
3,73%,Sirene,Lachua w/ cane sugar
3.25,73%,Sirene,"Lachua w/ maple sugar, batch 5"
3.25,73%,Sirene,Pisa
3.75,67%,Sirene,"Somia Plantation, 2012"
3.75,73%,Sirene,"Somia Plantation, 2012"
3.75,73%,Sirene,"Camino Verde P., Balao, Guayas"
2.75,70%,Sjolinds,Ghana
3,72%,Sjolinds,Nicaragua
3.5,70%,"Smooth Chocolator, The","Oko Caribe, DOR005"
3.75,70%,"Smooth Chocolator, The","Guasare, La Sierra de Perija, batch gua001"
4,70%,"Smooth Chocolator, The","Porcelana, Sorotaima,Machiques,batch pcl001"
3.75,70%,"Smooth Chocolator, The","Maya Mtn, Moho R., Toledo D."
3,70%,"Smooth Chocolator, The",Tien Giang
3.75,67%,"Smooth Chocolator, The",Australia
3.25,70%,"Smooth Chocolator, The","Chimelb, Lanquin, Alta Verapaz, b-GUA001"
3.25,65%,"Smooth Chocolator, The",Akesson's Estate
3.5,70%,"Smooth Chocolator, The",Akesson's Estate
3.75,67%,"Smooth Chocolator, The",Kokoa Kamili
3.75,70%,"Smooth Chocolator, The",San Juan Estate
4,72%,"Smooth Chocolator, The",Camino Verde
2.75,72%,"Smooth Chocolator, The",Bolivia
3.5,65%,"Smooth Chocolator, The","Papua New Guinea, triple roast, batch 1"
3,67%,"Smooth Chocolator, The","Maranon, batch 2"
3.75,70%,"Smooth Chocolator, The","Chuao, batch 3"
1.5,67%,Snake & Butterfly,Ghana
3,68%,Snake & Butterfly,Madagascar
3.25,68%,Snake & Butterfly,Ecuador
3.5,70%,Sol Cacao,"Ecuador, Batch 1"
3,72%,Sol Cacao,Madagascar
2.75,68%,Solkiki,"Maranon, Fortunato No. 4"
2.75,85%,Solkiki,"Castillo, Hispaniola, unroasted"
3.25,70%,Solomons Gold,Solomon Island
3.25,75%,Solomons Gold,Solomon Island w/ nibs
3,70%,Solstice,Bundibugyo
3,70%,Solstice,Sambirano
3,70%,Solstice,Amazonas
3.25,70%,Solstice,Bolivia
3.25,70%,Solstice,San Martin
3.5,70%,Solstice,Wasatch
3.5,62%,Soma,"Oko Caribe, Duarte P., Collab w Chocosol"
3.5,70%,Soma,"Sambirano Valley, Black Science, B-60307.0"
3.5,70%,Soma,"Bahia Black, batch bra50722.1"
3.75,75%,Soma,"Abstract S. w/ Jamaica nibs,batch abs60323.0"
3.75,70%,Soma,"Chuno, San Jose de Bocay, Pantasma R.,B.S."
4,70%,Soma,"Tien Giang, Black S., batch VIT60420.0"
3.25,70%,Soma,"Camino Verde, Black S., batch cvu6030.0"
3.5,70%,Soma,CSB Chama
4,75%,Soma,Porcelana
3.5,70%,Soma,"La Tronca, Matagalpa"
3.75,70%,Soma,Maranon Canyon
3.25,70%,Soma,La Dalia
3.5,80%,Soma,"Camino Verde P., Balao, Guayas"
3.75,70%,Soma,"Espiritu Santo, 'Smoke Monster'"
3.25,70%,Soma,Little Big Man
3.75,77%,Soma,"Rizek Cacao, Domin. Rep."
3.25,70%,Soma,Java
2.75,70%,Soma,"Apurimac, El Quinacho Co-op"
3.75,70%,Soma,"Sangre Grande P., Trinidad"
3.25,70%,Soma,Chef's Blend
3.75,70%,Soma,Patanemo
4,88%,Soma,Crazy 88
4,70%,Soma,"Maracaibo, El Vigia"
4,67%,Soma,Equator
3.25,70%,Soma,Orinoco
4,70%,Soma,"Bachelor's Hall E., St. Thomas Parish"
3.25,70%,Soma,Noula Coop
3.75,70%,Soma,O'ahu
4,70%,Soma,"Dual Origins, Sambirano, Elvesia"
4,70%,Soma,"Dancing in Your Head, 5 bean blend"
3.5,70%,Soma,Cahabon Region
3.75,70%,Soma,Carenero Superior
3.5,70%,Soma,Eastern Promises
3.5,85%,Soma,Papua New Guinea
2.75,70%,Soma,"Grenada, Black Science"
3.5,70%,Soma,"Alto Beni, Wild Bolivian"
4,64%,Soma,Peruvian
4,70%,Soma,"Three Amigos(Chuao, Wild Bolivia, D.R.)"
3.75,70%,Soma,"Elvesia P., Black Science"
3.5,70%,Soma,Chuao
3.75,70%,Soma,Black Science Blend 1
3,70%,Soma,Hispaniola
3.5,70%,Soma,Africa
3,70%,Soma,Conacado
3.5,70%,Soma,Papua New Guinea
3.75,70%,Soma,Madagascar
3.75,70%,Soma,Ocumare
3.25,70%,Somerville,Nicaragua
3.5,70%,Somerville,"Hawaiian, Big Island"
3.25,70%,Soul,Dominican Republic
3.5,70%,Soul,Madagascar
3.5,75%,Soul,Venezuela
3.25,75%,Soul,Ecuador
3.25,77%,Soul,Papua New Guinea
3.5,80%,Soul,Tanzania
3,70%,Spagnvola,AgroCriso Plantation
3,80%,Spagnvola,AgroCriso Plantation
3.25,75%,Spagnvola,AgroCriso Plantation
3.75,70%,Spencer,Dominican Republic
3.5,70%,Spencer,Ecuador
2.75,70%,Spencer,Peru
3.5,70%,Spencer,"Dominican Republic, lot D82R"
3.75,70%,Spencer,"Ecuador, lot E432314L"
3.75,70%,Spencer,"Madagascar, lot M0403R"
2.75,72%,Spencer,Malekula Island
3,70%,Sprungli (Felchlin),Alto Beni
3,70%,SRSLY,Dominican Republic
2.25,84%,SRSLY,Dominican Republic
3,70%,Starchild,"Bolivar, Arriba"
3,70%,Starchild,Hispaniola
3,70%,Starchild,Cacao Verapaz
3,70%,Starchild,Rio Tuma
3,70%,Starchild,Sambirano Valley
2.75,68%,Stella (aka Bernrain),"Bahia, Agri-Forestal Plantation, 2010"
3.25,72%,Stella (aka Bernrain),India
3.5,84%,Stone Grindz,"Ecuador, Midnight Dark"
3.5,70%,Stone Grindz,"Ecuador, Twilght Dark"
2.5,65%,StRita Supreme,"Samar, East Visayas region"
2.5,70%,StRita Supreme,"Samar, East Visayas region"
2.75,75%,StRita Supreme,"Samar, East Visayas region"
2.75,67%,Sublime Origins,Sambirano
3.25,78%,Sublime Origins,Moho Valley
2.5,61%,Summerbird,Peru
3,71%,Summerbird,Peru
2.75,70%,Suruca Chocolate,Venezuela
3,60%,Suruca Chocolate,Venezuela
2.75,70%,Svenska Kakaobolaget,Sri Lanka
3.25,70%,Szanto Tibor,Nacional
3.25,88%,Szanto Tibor,Baracoa
3.25,70%,Szanto Tibor,Ambolikapiky
3.75,70%,Szanto Tibor,"Winak, Sumaco"
3.25,70%,Szanto Tibor,"Ben Tre, Mekong Delta"
3.5,70%,Szanto Tibor,"Fazenda Sempre Firme, Bahia"
3.5,70%,Szanto Tibor,Porcelana
3.75,70%,Szanto Tibor,Baracoa
3.5,70%,Szanto Tibor,"Autumn, Primary Harvest, 2012"
3.5,70%,Szanto Tibor,"Spring, Secondary Harvest, 2012"
3.25,70%,Szanto Tibor,Cacao Blanco
3.25,70%,Szanto Tibor,Santo Domingo
3.25,70%,Szanto Tibor,Millot Plantation
3.75,70%,Szanto Tibor,"Ayacucho, ""El Guinacho"""
3,70%,Szanto Tibor,Crudo
2.75,70%,Tabal,Costa Rica
2.75,70%,Tabal,Dominican Republic
2.5,70%,Tabal,"Chiapas, Lacandon Jungle"
3,70%,Tabal,Peru
3,70%,Tablette (aka Vanillabeans),Colombia
3.25,62%,Tablette (aka Vanillabeans),Papua
3.25,60%,Tablette (aka Vanillabeans),Vietnam
2.75,77%,Tablette (aka Vanillabeans),Trinidad
3.25,70%,Tan Ban Skrati,"Paramaribo, batch 20160043-01"
3,68%,Taza,Belize
3.25,87%,Taza,Alto Beni
2.75,75%,Taza,Chiapan
3,70%,Taza,"Dark, Stone Ground"
2,62%,TCHO,West Africa
3.25,99%,TCHO,Peru- Ecuador
2.75,60%,TCHO,TCHOPro 60.5
3,68%,TCHO,TCHOPro 68
2.5,70%,TCHO,Chocolatey-beta
2.5,70%,TCHO,Fruity-beta
2.75,70%,TCHO,Citrus-beta
2.5,70%,TCHO,Nutty-beta
2.75,70%,Tejas,Concepcion
3,70%,Tejas,Bayou Blend
3,70%,Tejas,Aranama
3.5,70%,Tejas,Presidio
3.25,70%,Tejas,"La Bahia, w/ cane juice"
2,70%,Tejas,Capistrano
3.25,70%,Tejas,"La Bahia, w/ cane sugar"
2.75,70%,Tejas,San Jose
3,70%,Tejas,Capistrano*
3.25,70%,Tejas,Espada
2.75,70%,Tejas,Espada
3,80%,Tejas,Concepcion*
3.25,67%,Tejas,San Jose
3.5,70%,Tejas,"Bahia, Floresta Azul,Good Friends Reserve#3"
2.75,70%,Terroir,Peru
3.75,70%,Terroir,Belize
3.75,70%,Terroir,Madagascar
3.25,70%,Terroir,Ecuador
3.5,70%,Terroir,Oko Caribe
3.75,70%,Terroir,Guatemala
3.25,77%,Terroir,Ecuador
3.75,67%,Terroir,Madagascar
3.75,73%,Terroir,Uganda
3,70%,The Barn,Peru
3.25,65%,Theo,Congo w/ nibs
3.5,65%,Theo,Madagascar
2.5,75%,Theo,Ivory Coast
3,84%,Theo,"Ghana, Kumasi"
2,91%,Theo,"Venezuela; Barinos, Merida, Tachron"
3,75%,Theo,"Ghana, Panama, Ecuador"
3.25,70%,Theobroma,"Piura Select, Cacao Blanc"
3.75,72%,Timo A. Meyer,"Belize, med roast"
3.25,81%,To'ak (Ecuatoriana),Manabi
4,70%,Tobago Estate (Pralus),"Roxborough, Tobago"
3,77%,Tocoti,"Wild Bolivian, Jungle Love"
2.75,72%,Tocoti,Venezuela
3,74%,Tocoti,Dominican Republic
3,72%,Treehouse,Conacado
3.5,72%,Tsara (Cinagra),"Ambanja, Tsara Valley"
2.75,75%,twenty-four blackbirds,Oko Caribe
3.5,75%,twenty-four blackbirds,"Cedeno, lot 271"
3.5,75%,twenty-four blackbirds,Madagascar
3.25,68%,twenty-four blackbirds,Dominican Republic
2.5,75%,twenty-four blackbirds,Palos Blancos
2.75,73%,twenty-four blackbirds,Dominican Republic
3,60%,Two Ravens,Peru
3.75,63%,Un Dimanche A Paris,Dominican Republic
2.75,74%,Undone,Matagalpa
3,70%,Undone,Nourish
3,72%,Upchurch,"Madagascar, Sassy Bar"
3.25,72%,Upchurch,"Tanzania, Party Bar"
3.25,65%,Urzi,"Sur del Lago, Merida"
4,63%,Valrhona,"Piura, Illanka, Quemazon"
3.5,70%,Valrhona,"Andoa, Grand Cru blend"
3.5,64%,Valrhona,"Loma Sotavento, 2013"
4,69%,Valrhona,"Otucan, Grand Cru"
3.25,56%,Valrhona,Caraque
4,64%,Valrhona,"Porcelana, Pedegral"
3.75,64%,Valrhona,Tainori
3.75,66%,Valrhona,Alpaco
3.5,68%,Valrhona,Nyangbo
3,72%,Valrhona,Araguani
3.75,65%,Valrhona,Chuao 2002 P.
4,64%,Valrhona,Manjari
1.5,85%,Valrhona,Le Noir Extra Amer
2.5,85%,Valrhona,Abinao
2.75,71%,Valrhona,Le Noir Amer
3.25,64%,Valrhona,"Porcelana, Maracaibo, Palmira P. 2006"
3,66%,Valrhona,Caraibe
4,70%,Valrhona,Guanaja
2.5,64%,Valrhona,Gran Couva 2005 P.
3,64%,Valrhona,"Porcelana, Maracaibo, Palmira P. 2005"
3.5,64%,Valrhona,"Sambirano, Ampamakia 2005, Millot P."
2.5,72%,Vanleer (Barry Callebaut),Manhattan
2.75,65%,Vanleer (Barry Callebaut),Napa
2.75,72%,Vao Vao (Chocolaterie Robert),Madagascar
2.75,76%,Vao Vao (Chocolaterie Robert),Madagascar
2.75,80%,Vao Vao (Chocolaterie Robert),Madagascar
3,70%,Vao Vao (Chocolaterie Robert),Madagascar
3,68%,Vao Vao (Chocolaterie Robert),Madagascar w/ nibs
3.25,64%,Vao Vao (Chocolaterie Robert),Madagascar
3.25,70%,Vicuna,Palos Blancos
3.25,70%,Vicuna,Palos Blancos + nibs
3.25,90%,Videri,Dominican Republic
3.5,75%,Videri,Trinidad
3.5,75%,Videri,Mindo
3.75,90%,Videri,Dark
3.25,70%,Videri,Classic
3.5,70%,Vietcacao (A. Morin),"Ben Tre, Mekong Delta, MoCay"
3,75%,Vintage Plantations,San Martin
2,100%,Vintage Plantations (Tulicorp),"Los Rios, Rancho Grande 2004/2007"
2,90%,Vintage Plantations (Tulicorp),"Los Rios, Rancho Grande 2004/2007"
3,75%,Vintage Plantations (Tulicorp),"Los Rios, Rancho Grande 2004/2007"
3,65%,Vintage Plantations (Tulicorp),"Los Rios, Rancho Grande 2007"
2.75,77%,Violet Sky,Sambirano Valley
3,77%,Violet Sky,Moho River Valley
3,77%,Violet Sky,Cuyagua
3.25,77%,Violet Sky,Peru
2.75,77%,Violet Sky,Cahabon
2.5,70%,Vivra,Peru
2.5,70%,Vivra,Ocumare
3,70%,Vivra,Dominican Republic
3.5,70%,Wellington Chocolate Factory,Conacado
3.5,70%,Wellington Chocolate Factory,"Piura Blanco, Norandino"
2.5,72%,Whittakers,Ghana
2.5,75%,Wilkie's Organic,Amazonas
2.75,89%,Wilkie's Organic,Amazonas
3.25,75%,Wilkie's Organic,Tumbes
2.75,75%,Wilkie's Organic,Amazonas w/ nibs
4,70%,Willie's Cacao,Los Llanos
3,88%,Willie's Cacao,Los Llanos
2.25,100%,Willie's Cacao,"Java, Indonesian Black"
3,71%,Willie's Cacao,Sambirano
3.5,72%,Willie's Cacao,Hacienda Las Trincheras
3.75,69%,Willie's Cacao,Java
3,70%,Willie's Cacao,San Martin
3.25,72%,Willie's Cacao,Rio Caribe
3,74%,Wm,"Guasare, Zulia Prov., 2015, batch 124"
3.5,76%,Wm,"Wild Beniano, 2016, batch 128, Heirloom"
3.75,75%,Wm,"Ghana, 2013, batch 129"
3,70%,Woodblock,"Maranon, Cajamarca"
3.25,70%,Woodblock,"Camino Verde P., Balao, Guayas"
3.5,70%,Woodblock,Gran Couva
2.5,70%,Woodblock,Ecuador
3,70%,Woodblock,Costa Rica
3.25,70%,Woodblock,Sambirano
4,70%,Woodblock,Ocumare
3.5,70%,Woodblock,La Red
3,66%,Xocolat,Hispaniola
2.75,70%,Xocolla,"Sambirano, batch 170102"
2.5,70%,Xocolla,"Hispaniola, batch 170104"
3,70%,Zak's,"Papua New Guinea, Batch 2"
3.25,70%,Zak's,"Dominican Republic, Batch D2"
3.25,70%,Zak's,"Madagascar, Batch 2"
3.25,70%,Zak's,"Peru, Batch 1"
3.5,70%,Zak's,"Belize, Batch 2"
3,60%,Zak's,"House Blend, Batch 2"
3.5,70%,Zart Pralinen,"Millot P., Ambanja"
2.75,70%,Zart Pralinen,UNOCACE
2.75,85%,Zart Pralinen,San Juan Estate
3,85%,Zart Pralinen,"Kakao Kamili, Kilombero Valley"
3.5,70%,Zart Pralinen,"Kakao Kamili, Kilombero Valley"
3.5,78%,Zart Pralinen,"San Juan Estate, Gran Couva"
3.75,78%,Zokoko,Guadalcanal
3.25,65%,Zokoko,Goddess Blend
3.5,68%,Zokoko,Alto Beni
3.5,66%,Zokoko,Tokiala
3.75,72%,Zokoko,"Tranquilidad, Baures"
2.75,80%,Zotter,Raw
3.5,72%,Zotter,"Bocas del Toro, Cocabo Co-op"
3.5,65%,Zotter,Amazonas Frucht
3,70%,Zotter,"Satipo Pangoa region, 16hr conche"
3.5,70%,Zotter,"Satipo Pangoa region, 20hr conche"
3.75,62%,Zotter,"Loma Los Pinos, Yacao region, D.R."
3,75%,Zotter,El Oro
3,75%,Zotter,Huiwani Coop
3.25,90%,Zotter,El Ceibo Coop
3.75,70%,Zotter,Santo Domingo
3.25,68%,Zotter,"Kongo, Highlands"
3.5,58%,Zotter,"Indianer, Raw"
3.75,70%,Zotter,Peru
3,65%,Zotter,Congo
3.5,65%,Zotter,Kerala State
3.25,62%,Zotter,Kerala State
3,65%,Zotter,"Brazil, Mitzi Blue"
